pr,url,art,pfadImReview,auditZuordnung,zuordnungTyp,threadId,isResolved,technischerStatus,fixCommit,testOderGegenbeleg,kurztext,abschlussgruppe,abschlussstatus,abschlussnachweis
974,https://github.com/Sturmi77/correlcore/pull/974#pullrequestreview-5276115703,Review/Antwort,,AUD-35,"PR-Kontext, Einzelprüfung A11 offen",,unbekannt/nicht anwendbar,offen – Fix/Regressionstest prüfen,,,<!-- CURSOR_AUTOMATION_ID: 8040bfce-1dbd-47b2-9b9d-3569b54c343f | RUN_ID: bc-fdcfacf7-df14-42ce-bcc9-f4bdfa417404 --> **Risk: Very Low.** Two documentation files only (`docs/adr/00,PR#974:review-summary,gebündelte Review-Zusammenfassung; technische Inline-Punkte separat dispositioniert,https://github.com/Sturmi77/correlcore/pull/974#pullrequestreview-5276115703 | PR#974 -> A03/A06/A11/A12 | https://github.com/Sturmi77/correlcore/issues/978 | https://github.com/Sturmi77/correlcore/pull/992 | https://github.com/Sturmi77/correlcore/issues/980 | https://github.com/Sturmi77/correlcore/pull/994 | https://github.com/Sturmi77/correlcore/issues/985 | https://github.com/Sturmi77/correlcore/issues/986
974,https://github.com/Sturmi77/correlcore/pull/974#discussion_r4070128060,Inline,docs/adr/0043-insight-surface-layers.md,AUD-12,konkreter Audit-Unterpunkt,PRRT_kwDOSH3SD86kqnsK,false,offen – Fix/Regressionstest prüfen,,,**<sub><sub>![P2 Badge](https://img.shields.io/badge/P2-yellow?style=flat)</sub></sub> Finish F1 before ratifying and closing #928** For provisional and robust users who enable sym,PR#974:audit-gate-A03/A06/A11/A12,offenes Audit-/Abnahme-Gate A03/A06/A11/A12; kein Abschluss behauptet,https://github.com/Sturmi77/correlcore/issues/978 | https://github.com/Sturmi77/correlcore/pull/992 | https://github.com/Sturmi77/correlcore/issues/980 | https://github.com/Sturmi77/correlcore/pull/994 | https://github.com/Sturmi77/correlcore/issues/985 | https://github.com/Sturmi77/correlcore/issues/986
974,https://github.com/Sturmi77/correlcore/pull/974#discussion_r4070128068,Inline,docs/frontend/INSIGHT_SURFACE_LAYERS_ROLLOUT_PLAN.md,AUD-40,konkreter Audit-Unterpunkt,PRRT_kwDOSH3SD86kqnsS,false,offen – Fix/Regressionstest prüfen,,,"**<sub><sub>![P2 Badge](https://img.shields.io/badge/P2-yellow?style=flat)</sub></sub> Leave #930 open until interview validation is resolved** This close-out says it closes #930,",PR#974:audit-gate-A03/A06/A11/A12,offenes Audit-/Abnahme-Gate A03/A06/A11/A12; kein Abschluss behauptet,https://github.com/Sturmi77/correlcore/issues/978 | https://github.com/Sturmi77/correlcore/pull/992 | https://github.com/Sturmi77/correlcore/issues/980 | https://github.com/Sturmi77/correlcore/pull/994 | https://github.com/Sturmi77/correlcore/issues/985 | https://github.com/Sturmi77/correlcore/issues/986
974,https://github.com/Sturmi77/correlcore/pull/974#discussion_r4070128073,Inline,docs/adr/0043-insight-surface-layers.md,AUD-13,konkreter Audit-Unterpunkt,PRRT_kwDOSH3SD86kqnsV,false,offen – Fix/Regressionstest prüfen,,,**<sub><sub>![P2 Badge](https://img.shields.io/badge/P2-yellow?style=flat)</sub></sub> Fix the signal-detail arrow before ratifying F2** For every same-day association opened at `/,PR#974:audit-gate-A03/A06/A11/A12,offenes Audit-/Abnahme-Gate A03/A06/A11/A12; kein Abschluss behauptet,https://github.com/Sturmi77/correlcore/issues/978 | https://github.com/Sturmi77/correlcore/pull/992 | https://github.com/Sturmi77/correlcore/issues/980 | https://github.com/Sturmi77/correlcore/pull/994 | https://github.com/Sturmi77/correlcore/issues/985 | https://github.com/Sturmi77/correlcore/issues/986
974,https://github.com/Sturmi77/correlcore/pull/974#discussion_r4070128082,Inline,docs/adr/0043-insight-surface-layers.md,AUD-14,konkreter Audit-Unterpunkt,PRRT_kwDOSH3SD86kqnsc,false,offen – Fix/Regressionstest prüfen,,,"**<sub><sub>![P2 Badge](https://img.shields.io/badge/P2-yellow?style=flat)</sub></sub> Surface the held coefficients before ratifying F4** When an adjusted model is available, `par",PR#974:audit-gate-A03/A06/A11/A12,offenes Audit-/Abnahme-Gate A03/A06/A11/A12; kein Abschluss behauptet,https://github.com/Sturmi77/correlcore/issues/978 | https://github.com/Sturmi77/correlcore/pull/992 | https://github.com/Sturmi77/correlcore/issues/980 | https://github.com/Sturmi77/correlcore/pull/994 | https://github.com/Sturmi77/correlcore/issues/985 | https://github.com/Sturmi77/correlcore/issues/986
974,https://github.com/Sturmi77/correlcore/pull/974#discussion_r4070128091,Inline,docs/adr/0043-insight-surface-layers.md,AUD-04,konkreter Audit-Unterpunkt,PRRT_kwDOSH3SD86kqnsk,false,offen – Fix/Regressionstest prüfen,,,**<sub><sub>![P2 Badge](https://img.shields.io/badge/P2-yellow?style=flat)</sub></sub> Preserve customized enabled flags before ratifying F6** For a v1 user who reordered the hub b,PR#974:audit-gate-A03/A06/A11/A12,offenes Audit-/Abnahme-Gate A03/A06/A11/A12; kein Abschluss behauptet,https://github.com/Sturmi77/correlcore/issues/978 | https://github.com/Sturmi77/correlcore/pull/992 | https://github.com/Sturmi77/correlcore/issues/980 | https://github.com/Sturmi77/correlcore/pull/994 | https://github.com/Sturmi77/correlcore/issues/985 | https://github.com/Sturmi77/correlcore/issues/986
974,https://github.com/Sturmi77/correlcore/pull/974#pullrequestreview-5276193207,Review/Antwort,,AUD-35,"PR-Kontext, Einzelprüfung A11 offen",,unbekannt/nicht anwendbar,offen – Fix/Regressionstest prüfen,,,### 💡 Codex Review Here are some automated review suggestions for this pull request. **Reviewed commit:** `6e845f40e9` <details> <summary>ℹ️ About Codex in GitHub</summary> <br/>,PR#974:review-summary,gebündelte Review-Zusammenfassung; technische Inline-Punkte separat dispositioniert,https://github.com/Sturmi77/correlcore/pull/974#pullrequestreview-5276193207 | PR#974 -> A03/A06/A11/A12 | https://github.com/Sturmi77/correlcore/issues/978 | https://github.com/Sturmi77/correlcore/pull/992 | https://github.com/Sturmi77/correlcore/issues/980 | https://github.com/Sturmi77/correlcore/pull/994 | https://github.com/Sturmi77/correlcore/issues/985 | https://github.com/Sturmi77/correlcore/issues/986
974,https://github.com/Sturmi77/correlcore/pull/974#discussion_r4070128097,Inline,docs/frontend/INSIGHT_SURFACE_LAYERS_ROLLOUT_PLAN.md,AUD-36,konkreter Audit-Unterpunkt,PRRT_kwDOSH3SD86kqnsn,false,offen – Fix/Regressionstest prüfen,,,**<sub><sub>![P2 Badge](https://img.shields.io/badge/P2-yellow?style=flat)</sub></sub> Reconcile export status before closing #931** The close-out marks #931 complete even though t,PR#974:audit-gate-A03/A06/A11/A12,offenes Audit-/Abnahme-Gate A03/A06/A11/A12; kein Abschluss behauptet,https://github.com/Sturmi77/correlcore/issues/978 | https://github.com/Sturmi77/correlcore/pull/992 | https://github.com/Sturmi77/correlcore/issues/980 | https://github.com/Sturmi77/correlcore/pull/994 | https://github.com/Sturmi77/correlcore/issues/985 | https://github.com/Sturmi77/correlcore/issues/986
973,https://github.com/Sturmi77/correlcore/pull/973#pullrequestreview-5266841193,Review/Antwort,,AUD-07,"PR-Kontext, Einzelprüfung A11 offen",,unbekannt/nicht anwendbar,offen – Fix/Regressionstest prüfen,,,"<details> <summary>Stale comment</summary> <blockquote> ## PR risk assessment **Risk: Medium** — human review required. Not approved. Derived from the diff only (13 files, +553/−37",PR#973:review-summary,gebündelte Review-Zusammenfassung; technische Inline-Punkte separat dispositioniert,https://github.com/Sturmi77/correlcore/pull/973#pullrequestreview-5266841193 | AUD-07 -> A04/A05 | https://github.com/Sturmi77/correlcore/issues/979 | https://github.com/Sturmi77/correlcore/pull/993 | https://github.com/Sturmi77/correlcore/issues/989
973,https://github.com/Sturmi77/correlcore/pull/973#pullrequestreview-5266889229,Review/Antwort,,AUD-07,"PR-Kontext, Einzelprüfung A11 offen",,unbekannt/nicht anwendbar,offen – Fix/Regressionstest prüfen,,,<details> <summary>Stale comment</summary> <blockquote> ## PR risk assessment (re-eval after synchronize) **Risk: Medium** — human review required. Not approved. Re-evaluated from,PR#973:review-summary,gebündelte Review-Zusammenfassung; technische Inline-Punkte separat dispositioniert,https://github.com/Sturmi77/correlcore/pull/973#pullrequestreview-5266889229 | AUD-07 -> A04/A05 | https://github.com/Sturmi77/correlcore/issues/979 | https://github.com/Sturmi77/correlcore/pull/993 | https://github.com/Sturmi77/correlcore/issues/989
973,https://github.com/Sturmi77/correlcore/pull/973#discussion_r4062351444,Inline,backend/app/services/insight_service.py,AUD-07,"PR-Kontext, Einzelprüfung A11 offen",PRRT_kwDOSH3SD86kW-hS,true,offen – Fix/Regressionstest prüfen,,,**<sub><sub>![P1 Badge](https://img.shields.io/badge/P1-orange?style=flat)</sub></sub> Preserve null-association winners while filtering** When a tag has a newer `null_association`,PR#973:preserved-regression,behoben; Regressionstest auf main verankert,apps/web/src/routes/insights/report/page.test.ts | apps/web/src/lib/utils/insightMatrixExport.test.ts | backend/tests/test_insights.py | apps/web/src/lib/api/insights.test.ts
973,https://github.com/Sturmi77/correlcore/pull/973#discussion_r4062351453,Inline,apps/web/src/routes/insights/report/+page.svelte,AUD-07,"PR-Kontext, Einzelprüfung A11 offen",PRRT_kwDOSH3SD86kW-hZ,true,offen – Fix/Regressionstest prüfen,,,"**<sub><sub>![P2 Badge](https://img.shields.io/badge/P2-yellow?style=flat)</sub></sub> Restore selection after a failed refresh** After the initial load, a transient pull-to-refres",PR#973:preserved-regression,behoben; Regressionstest auf main verankert,apps/web/src/routes/insights/report/page.test.ts | apps/web/src/lib/utils/insightMatrixExport.test.ts | backend/tests/test_insights.py | apps/web/src/lib/api/insights.test.ts
973,https://github.com/Sturmi77/correlcore/pull/973#discussion_r4062351464,Inline,backend/app/services/insight_service.py,AUD-07,"PR-Kontext, Einzelprüfung A11 offen",PRRT_kwDOSH3SD86kW-hh,true,offen – Fix/Regressionstest prüfen,,,**<sub><sub>![P1 Badge](https://img.shields.io/badge/P1-orange?style=flat)</sub></sub> Apply the family filter before the database fetch cap** For users whose newest-subject query,PR#973:preserved-regression,behoben; Regressionstest auf main verankert,apps/web/src/routes/insights/report/page.test.ts | apps/web/src/lib/utils/insightMatrixExport.test.ts | backend/tests/test_insights.py | apps/web/src/lib/api/insights.test.ts
973,https://github.com/Sturmi77/correlcore/pull/973#pullrequestreview-5266898933,Review/Antwort,,AUD-07,"PR-Kontext, Einzelprüfung A11 offen",,unbekannt/nicht anwendbar,offen – Fix/Regressionstest prüfen,,,### 💡 Codex Review Here are some automated review suggestions for this pull request. **Reviewed commit:** `4555192ca5` <details> <summary>ℹ️ About Codex in GitHub</summary> <br/>,PR#973:review-summary,gebündelte Review-Zusammenfassung; technische Inline-Punkte separat dispositioniert,https://github.com/Sturmi77/correlcore/pull/973#pullrequestreview-5266898933 | AUD-07 -> A04/A05 | https://github.com/Sturmi77/correlcore/issues/979 | https://github.com/Sturmi77/correlcore/pull/993 | https://github.com/Sturmi77/correlcore/issues/989
973,https://github.com/Sturmi77/correlcore/pull/973#discussion_r4062351478,Inline,apps/web/src/lib/api/insights.ts,AUD-07,"PR-Kontext, Einzelprüfung A11 offen",PRRT_kwDOSH3SD86kW-ho,true,offen – Fix/Regressionstest prüfen,,,"**<sub><sub>![P2 Badge](https://img.shields.io/badge/P2-yellow?style=flat)</sub></sub> Scope the new filter to the latest endpoint** `buildQuery` is also used by `listInsights`, so",PR#973:preserved-regression,behoben; Regressionstest auf main verankert,apps/web/src/routes/insights/report/page.test.ts | apps/web/src/lib/utils/insightMatrixExport.test.ts | backend/tests/test_insights.py | apps/web/src/lib/api/insights.test.ts
973,https://github.com/Sturmi77/correlcore/pull/973#issuecomment-5760943213,Review/Antwort,,AUD-07,"PR-Kontext, Einzelprüfung A11 offen",,unbekannt/nicht anwendbar,offen – Fix/Regressionstest prüfen,,,"Die drei verbliebenen Fokus-Punkte der Risikoeinschätzung sind jetzt belegt statt von Hand zu prüfen. **1 · `insight_types=None` liefert weiter jede Familie, und der Filter läuft v",PR#973:review-summary,gebündelte Review-Zusammenfassung; technische Inline-Punkte separat dispositioniert,https://github.com/Sturmi77/correlcore/pull/973#issuecomment-5760943213 | AUD-07 -> A04/A05 | https://github.com/Sturmi77/correlcore/issues/979 | https://github.com/Sturmi77/correlcore/pull/993 | https://github.com/Sturmi77/correlcore/issues/989
973,https://github.com/Sturmi77/correlcore/pull/973#pullrequestreview-5266927534,Review/Antwort,,AUD-07,"PR-Kontext, Einzelprüfung A11 offen",,unbekannt/nicht anwendbar,offen – Fix/Regressionstest prüfen,,,<details> <summary>Stale comment</summary> <blockquote> ## PR risk assessment (re-eval after synchronize) **Risk: Medium** — human review required. Not approved. Re-evaluated from,PR#973:review-summary,gebündelte Review-Zusammenfassung; technische Inline-Punkte separat dispositioniert,https://github.com/Sturmi77/correlcore/pull/973#pullrequestreview-5266927534 | AUD-07 -> A04/A05 | https://github.com/Sturmi77/correlcore/issues/979 | https://github.com/Sturmi77/correlcore/pull/993 | https://github.com/Sturmi77/correlcore/issues/989
973,https://github.com/Sturmi77/correlcore/pull/973#discussion_r4062435203,Inline,backend/app/services/insight_service.py,AUD-07,"PR-Kontext, Einzelprüfung A11 offen",PRRT_kwDOSH3SD86kW-hS,true,offen – Fix/Regressionstest prüfen,,,"Stimmt, und das war der ernsteste der vier — behoben in `f9a1e22f`. Der Filter lief am Kopf der Winner-Schleife, also **bevor** `_latest_family_key` die beiden Zeilen auf denselben",PR#973:preserved-regression,behoben; Regressionstest auf main verankert,apps/web/src/routes/insights/report/page.test.ts | apps/web/src/lib/utils/insightMatrixExport.test.ts | backend/tests/test_insights.py | apps/web/src/lib/api/insights.test.ts
973,https://github.com/Sturmi77/correlcore/pull/973#pullrequestreview-5267007341,Review/Antwort,,AUD-07,"PR-Kontext, Einzelprüfung A11 offen",,unbekannt/nicht anwendbar,offen – Fix/Regressionstest prüfen,,,,PR#973:review-summary,gebündelte Review-Zusammenfassung; technische Inline-Punkte separat dispositioniert,https://github.com/Sturmi77/correlcore/pull/973#pullrequestreview-5267007341 | AUD-07 -> A04/A05 | https://github.com/Sturmi77/correlcore/issues/979 | https://github.com/Sturmi77/correlcore/pull/993 | https://github.com/Sturmi77/correlcore/issues/989
973,https://github.com/Sturmi77/correlcore/pull/973#discussion_r4062436430,Inline,backend/app/services/insight_service.py,AUD-07,"PR-Kontext, Einzelprüfung A11 offen",PRRT_kwDOSH3SD86kW-hh,true,offen – Fix/Regressionstest prüfen,,,Stimmt — behoben in `f9a1e22f`. Ich hatte `newest_insight_per_subject_stmt` als unbegrenzt gelesen; sie endet auf `.limit(MAX_INSIGHT_LIST_LIMIT)` (200). Damit war die PR-Zusage „F,PR#973:preserved-regression,behoben; Regressionstest auf main verankert,apps/web/src/routes/insights/report/page.test.ts | apps/web/src/lib/utils/insightMatrixExport.test.ts | backend/tests/test_insights.py | apps/web/src/lib/api/insights.test.ts
973,https://github.com/Sturmi77/correlcore/pull/973#pullrequestreview-5267008926,Review/Antwort,,AUD-07,"PR-Kontext, Einzelprüfung A11 offen",,unbekannt/nicht anwendbar,offen – Fix/Regressionstest prüfen,,,,PR#973:review-summary,gebündelte Review-Zusammenfassung; technische Inline-Punkte separat dispositioniert,https://github.com/Sturmi77/correlcore/pull/973#pullrequestreview-5267008926 | AUD-07 -> A04/A05 | https://github.com/Sturmi77/correlcore/issues/979 | https://github.com/Sturmi77/correlcore/pull/993 | https://github.com/Sturmi77/correlcore/issues/989
973,https://github.com/Sturmi77/correlcore/pull/973#discussion_r4062438096,Inline,apps/web/src/routes/insights/report/+page.svelte,AUD-07,"PR-Kontext, Einzelprüfung A11 offen",PRRT_kwDOSH3SD86kW-hZ,true,offen – Fix/Regressionstest prüfen,,,"Stimmt — behoben in `f9a1e22f`, und der Fall war in meinen Tests genau falsch herum abgedeckt. Ablauf wie beschrieben: der `catch` setzte `insights = []`, der Pruning-Block warf da",PR#973:preserved-regression,behoben; Regressionstest auf main verankert,apps/web/src/routes/insights/report/page.test.ts | apps/web/src/lib/utils/insightMatrixExport.test.ts | backend/tests/test_insights.py | apps/web/src/lib/api/insights.test.ts
973,https://github.com/Sturmi77/correlcore/pull/973#pullrequestreview-5267011266,Review/Antwort,,AUD-07,"PR-Kontext, Einzelprüfung A11 offen",,unbekannt/nicht anwendbar,offen – Fix/Regressionstest prüfen,,,,PR#973:review-summary,gebündelte Review-Zusammenfassung; technische Inline-Punkte separat dispositioniert,https://github.com/Sturmi77/correlcore/pull/973#pullrequestreview-5267011266 | AUD-07 -> A04/A05 | https://github.com/Sturmi77/correlcore/issues/979 | https://github.com/Sturmi77/correlcore/pull/993 | https://github.com/Sturmi77/correlcore/issues/989
973,https://github.com/Sturmi77/correlcore/pull/973#discussion_r4062438568,Inline,apps/web/src/lib/api/insights.ts,AUD-07,"PR-Kontext, Einzelprüfung A11 offen",PRRT_kwDOSH3SD86kW-ho,true,offen – Fix/Regressionstest prüfen,,,"Stimmt — behoben in `f9a1e22f`. `insightTypes` hing am gemeinsamen `InsightListQuery`, also hat der Typ die Option auch für `listInsights` angeboten, wo `/insights` nur `limit` dek",PR#973:preserved-regression,behoben; Regressionstest auf main verankert,apps/web/src/routes/insights/report/page.test.ts | apps/web/src/lib/utils/insightMatrixExport.test.ts | backend/tests/test_insights.py | apps/web/src/lib/api/insights.test.ts
973,https://github.com/Sturmi77/correlcore/pull/973#pullrequestreview-5267011908,Review/Antwort,,AUD-07,"PR-Kontext, Einzelprüfung A11 offen",,unbekannt/nicht anwendbar,offen – Fix/Regressionstest prüfen,,,,PR#973:review-summary,gebündelte Review-Zusammenfassung; technische Inline-Punkte separat dispositioniert,https://github.com/Sturmi77/correlcore/pull/973#pullrequestreview-5267011908 | AUD-07 -> A04/A05 | https://github.com/Sturmi77/correlcore/issues/979 | https://github.com/Sturmi77/correlcore/pull/993 | https://github.com/Sturmi77/correlcore/issues/989
973,https://github.com/Sturmi77/correlcore/pull/973#pullrequestreview-5267020125,Review/Antwort,,AUD-07,"PR-Kontext, Einzelprüfung A11 offen",,unbekannt/nicht anwendbar,offen – Fix/Regressionstest prüfen,,,<details> <summary>Stale comment</summary> <blockquote> ## PR risk assessment (re-eval after synchronize) **Risk: Medium** — human review required. Not approved. Re-evaluated from,PR#973:review-summary,gebündelte Review-Zusammenfassung; technische Inline-Punkte separat dispositioniert,https://github.com/Sturmi77/correlcore/pull/973#pullrequestreview-5267020125 | AUD-07 -> A04/A05 | https://github.com/Sturmi77/correlcore/issues/979 | https://github.com/Sturmi77/correlcore/pull/993 | https://github.com/Sturmi77/correlcore/issues/989
973,https://github.com/Sturmi77/correlcore/pull/973#issuecomment-5761112252,Review/Antwort,,AUD-07,"PR-Kontext, Einzelprüfung A11 offen",,unbekannt/nicht anwendbar,offen – Fix/Regressionstest prüfen,,,"Zur Neubewertung nach `f9a1e22f` — die vier verbliebenen Fokus-Punkte, drei davon bereits belegt, einer neu und berechtigt. **1 · Ohne Filter bleibt alles wie vorher.** Zwei Tests,",PR#973:review-summary,gebündelte Review-Zusammenfassung; technische Inline-Punkte separat dispositioniert,https://github.com/Sturmi77/correlcore/pull/973#issuecomment-5761112252 | AUD-07 -> A04/A05 | https://github.com/Sturmi77/correlcore/issues/979 | https://github.com/Sturmi77/correlcore/pull/993 | https://github.com/Sturmi77/correlcore/issues/989
973,https://github.com/Sturmi77/correlcore/pull/973#pullrequestreview-5267053999,Review/Antwort,,AUD-07,"PR-Kontext, Einzelprüfung A11 offen",,unbekannt/nicht anwendbar,offen – Fix/Regressionstest prüfen,,,<details> <summary>Stale comment</summary> <blockquote> ## PR risk assessment (re-eval after synchronize) **Risk: Medium** — human review required. Not approved. Re-evaluated from,PR#973:review-summary,gebündelte Review-Zusammenfassung; technische Inline-Punkte separat dispositioniert,https://github.com/Sturmi77/correlcore/pull/973#pullrequestreview-5267053999 | AUD-07 -> A04/A05 | https://github.com/Sturmi77/correlcore/issues/979 | https://github.com/Sturmi77/correlcore/pull/993 | https://github.com/Sturmi77/correlcore/issues/989
973,https://github.com/Sturmi77/correlcore/pull/973#pullrequestreview-5268717630,Review/Antwort,,AUD-07,"PR-Kontext, Einzelprüfung A11 offen",,unbekannt/nicht anwendbar,offen – Fix/Regressionstest prüfen,,,<details> <summary>Stale comment</summary> <blockquote> ## PR risk assessment (re-eval after synchronize) **Risk: Medium** — human review required. Not approved. Re-evaluated from,PR#973:review-summary,gebündelte Review-Zusammenfassung; technische Inline-Punkte separat dispositioniert,https://github.com/Sturmi77/correlcore/pull/973#pullrequestreview-5268717630 | AUD-07 -> A04/A05 | https://github.com/Sturmi77/correlcore/issues/979 | https://github.com/Sturmi77/correlcore/pull/993 | https://github.com/Sturmi77/correlcore/issues/989
973,https://github.com/Sturmi77/correlcore/pull/973#issuecomment-5763372301,Review/Antwort,,AUD-07,"PR-Kontext, Einzelprüfung A11 offen",,unbekannt/nicht anwendbar,offen – Fix/Regressionstest prüfen,,,"Der letzte Fokus-Punkt der Risikoeinschätzung — „spot-check a multi-page **WinAnsi** PDF in a real reader"" — hat eine echte Lücke getroffen, die ich geschlossen habe. Meine bisheri",PR#973:review-summary,gebündelte Review-Zusammenfassung; technische Inline-Punkte separat dispositioniert,https://github.com/Sturmi77/correlcore/pull/973#issuecomment-5763372301 | AUD-07 -> A04/A05 | https://github.com/Sturmi77/correlcore/issues/979 | https://github.com/Sturmi77/correlcore/pull/993 | https://github.com/Sturmi77/correlcore/issues/989
973,https://github.com/Sturmi77/correlcore/pull/973#pullrequestreview-5268763288,Review/Antwort,,AUD-07,"PR-Kontext, Einzelprüfung A11 offen",,unbekannt/nicht anwendbar,offen – Fix/Regressionstest prüfen,,,<!-- CURSOR_AUTOMATION_ID: 8040bfce-1dbd-47b2-9b9d-3569b54c343f | RUN_ID: bc-3bfadfd1-471f-4de0-8c87-67b622ec6755 --> ## PR risk assessment (re-eval after synchronize) **Risk: Medi,PR#973:review-summary,gebündelte Review-Zusammenfassung; technische Inline-Punkte separat dispositioniert,https://github.com/Sturmi77/correlcore/pull/973#pullrequestreview-5268763288 | AUD-07 -> A04/A05 | https://github.com/Sturmi77/correlcore/issues/979 | https://github.com/Sturmi77/correlcore/pull/993 | https://github.com/Sturmi77/correlcore/issues/989
972,https://github.com/Sturmi77/correlcore/pull/972#pullrequestreview-5261345451,Review/Antwort,,AUD-13,"PR-Kontext, Einzelprüfung A11 offen",,unbekannt/nicht anwendbar,offen – Fix/Regressionstest prüfen,,,"<details> <summary>Stale comment</summary> <blockquote> ## Risk assessment **Risk: Medium** — human review required. Not approved. ### Evidence (from the diff, not the PR text) 16",PR#972:review-summary,gebündelte Review-Zusammenfassung; technische Inline-Punkte separat dispositioniert,https://github.com/Sturmi77/correlcore/pull/972#pullrequestreview-5261345451 | AUD-13 -> A04/A06 | https://github.com/Sturmi77/correlcore/issues/979 | https://github.com/Sturmi77/correlcore/pull/993 | https://github.com/Sturmi77/correlcore/issues/980 | https://github.com/Sturmi77/correlcore/pull/994
972,https://github.com/Sturmi77/correlcore/pull/972#discussion_r4057701079,Inline,apps/web/src/lib/components/trends/UnifiedStripChart.svelte,AUD-13,"PR-Kontext, Einzelprüfung A11 offen",PRRT_kwDOSH3SD86kLD0F,true,offen – Fix/Regressionstest prüfen,,,**<sub><sub>![P2 Badge](https://img.shields.io/badge/P2-yellow?style=flat)</sub></sub> Preserve valid sleep durations above 12 hours** When a user logs or imports 721–1440 minutes,PR#972:preserved-regression,behoben; Regressionstest auf main verankert,apps/web/src/lib/components/trends/UnifiedStripChart.test.ts | apps/web/src/lib/components/trends/EventAlignedSmallMultiplesSheet.test.ts
972,https://github.com/Sturmi77/correlcore/pull/972#discussion_r4057701081,Inline,apps/web/src/lib/components/trends/EventAlignedSmallMultiplesSheet.svelte,AUD-13,"PR-Kontext, Einzelprüfung A11 offen",PRRT_kwDOSH3SD86kLD0H,true,offen – Fix/Regressionstest prüfen,,,"**<sub><sub>![P2 Badge](https://img.shields.io/badge/P2-yellow?style=flat)</sub></sub> Include opacity in the sequential legend** When fewer than 14 nights are logged, `SequentialC",PR#972:preserved-regression,behoben; Regressionstest auf main verankert,apps/web/src/lib/components/trends/UnifiedStripChart.test.ts | apps/web/src/lib/components/trends/EventAlignedSmallMultiplesSheet.test.ts
972,https://github.com/Sturmi77/correlcore/pull/972#pullrequestreview-5261352157,Review/Antwort,,AUD-13,"PR-Kontext, Einzelprüfung A11 offen",,unbekannt/nicht anwendbar,offen – Fix/Regressionstest prüfen,,,### 💡 Codex Review Here are some automated review suggestions for this pull request. **Reviewed commit:** `68f31602d4` <details> <summary>ℹ️ About Codex in GitHub</summary> <br/>,PR#972:review-summary,gebündelte Review-Zusammenfassung; technische Inline-Punkte separat dispositioniert,https://github.com/Sturmi77/correlcore/pull/972#pullrequestreview-5261352157 | AUD-13 -> A04/A06 | https://github.com/Sturmi77/correlcore/issues/979 | https://github.com/Sturmi77/correlcore/pull/993 | https://github.com/Sturmi77/correlcore/issues/980 | https://github.com/Sturmi77/correlcore/pull/994
972,https://github.com/Sturmi77/correlcore/pull/972#issuecomment-5751738388,Review/Antwort,,AUD-13,"PR-Kontext, Einzelprüfung A11 offen",,unbekannt/nicht anwendbar,offen – Fix/Regressionstest prüfen,,,"Die fünf Review-Focus-Punkte aus der Risikoeinschätzung durchgegangen. Einer war ein echter Befund und ist gefixt (`1e683e56`), vier sind gewollt — hier die Belege, damit sie beim",PR#972:review-summary,gebündelte Review-Zusammenfassung; technische Inline-Punkte separat dispositioniert,https://github.com/Sturmi77/correlcore/pull/972#issuecomment-5751738388 | AUD-13 -> A04/A06 | https://github.com/Sturmi77/correlcore/issues/979 | https://github.com/Sturmi77/correlcore/pull/993 | https://github.com/Sturmi77/correlcore/issues/980 | https://github.com/Sturmi77/correlcore/pull/994
972,https://github.com/Sturmi77/correlcore/pull/972#pullrequestreview-5261353638,Review/Antwort,,AUD-13,"PR-Kontext, Einzelprüfung A11 offen",,unbekannt/nicht anwendbar,offen – Fix/Regressionstest prüfen,,,<details> <summary>Stale comment</summary> <blockquote> ## Risk assessment (re-eval after `1e683e56`) **Risk: Medium** — human review still required. Not approved. This is a synchr,PR#972:review-summary,gebündelte Review-Zusammenfassung; technische Inline-Punkte separat dispositioniert,https://github.com/Sturmi77/correlcore/pull/972#pullrequestreview-5261353638 | AUD-13 -> A04/A06 | https://github.com/Sturmi77/correlcore/issues/979 | https://github.com/Sturmi77/correlcore/pull/993 | https://github.com/Sturmi77/correlcore/issues/980 | https://github.com/Sturmi77/correlcore/pull/994
972,https://github.com/Sturmi77/correlcore/pull/972#discussion_r4057716258,Inline,apps/web/src/lib/components/trends/UnifiedStripChart.svelte,AUD-13,"PR-Kontext, Einzelprüfung A11 offen",PRRT_kwDOSH3SD86kLD0F,true,offen – Fix/Regressionstest prüfen,,,"Stimmt, behoben in `56d347fe`. Der Schlaf läuft jetzt durchgehend in Rohminuten: `sleepDurationScale` liefert Median und Spreizung ohnehin schon ungeclampt, die konfigurieren den M",PR#972:preserved-regression,behoben; Regressionstest auf main verankert,apps/web/src/lib/components/trends/UnifiedStripChart.test.ts | apps/web/src/lib/components/trends/EventAlignedSmallMultiplesSheet.test.ts
972,https://github.com/Sturmi77/correlcore/pull/972#pullrequestreview-5261366759,Review/Antwort,,AUD-13,"PR-Kontext, Einzelprüfung A11 offen",,unbekannt/nicht anwendbar,offen – Fix/Regressionstest prüfen,,,,PR#972:review-summary,gebündelte Review-Zusammenfassung; technische Inline-Punkte separat dispositioniert,https://github.com/Sturmi77/correlcore/pull/972#pullrequestreview-5261366759 | AUD-13 -> A04/A06 | https://github.com/Sturmi77/correlcore/issues/979 | https://github.com/Sturmi77/correlcore/pull/993 | https://github.com/Sturmi77/correlcore/issues/980 | https://github.com/Sturmi77/correlcore/pull/994
972,https://github.com/Sturmi77/correlcore/pull/972#discussion_r4057716371,Inline,apps/web/src/lib/components/trends/EventAlignedSmallMultiplesSheet.svelte,AUD-13,"PR-Kontext, Einzelprüfung A11 offen",PRRT_kwDOSH3SD86kLD0H,true,offen – Fix/Regressionstest prüfen,,,"Stimmt, behoben in `56d347fe`. Die sequentiellen Stops mischen das Token jetzt mit seiner eigenen Deckkraft (`color-mix(in oklch, <token> N%, transparent)`), die Legende rampt also",PR#972:preserved-regression,behoben; Regressionstest auf main verankert,apps/web/src/lib/components/trends/UnifiedStripChart.test.ts | apps/web/src/lib/components/trends/EventAlignedSmallMultiplesSheet.test.ts
972,https://github.com/Sturmi77/correlcore/pull/972#pullrequestreview-5261366875,Review/Antwort,,AUD-13,"PR-Kontext, Einzelprüfung A11 offen",,unbekannt/nicht anwendbar,offen – Fix/Regressionstest prüfen,,,,PR#972:review-summary,gebündelte Review-Zusammenfassung; technische Inline-Punkte separat dispositioniert,https://github.com/Sturmi77/correlcore/pull/972#pullrequestreview-5261366875 | AUD-13 -> A04/A06 | https://github.com/Sturmi77/correlcore/issues/979 | https://github.com/Sturmi77/correlcore/pull/993 | https://github.com/Sturmi77/correlcore/issues/980 | https://github.com/Sturmi77/correlcore/pull/994
972,https://github.com/Sturmi77/correlcore/pull/972#pullrequestreview-5261368433,Review/Antwort,,AUD-13,"PR-Kontext, Einzelprüfung A11 offen",,unbekannt/nicht anwendbar,offen – Fix/Regressionstest prüfen,,,<!-- CURSOR_AUTOMATION_ID: 8040bfce-1dbd-47b2-9b9d-3569b54c343f | RUN_ID: bc-895d9cad-3409-4028-809b-3d9d96a77edb --> ## Risk assessment (re-eval after `56d347fe`) **Risk: Medium**,PR#972:review-summary,gebündelte Review-Zusammenfassung; technische Inline-Punkte separat dispositioniert,https://github.com/Sturmi77/correlcore/pull/972#pullrequestreview-5261368433 | AUD-13 -> A04/A06 | https://github.com/Sturmi77/correlcore/issues/979 | https://github.com/Sturmi77/correlcore/pull/993 | https://github.com/Sturmi77/correlcore/issues/980 | https://github.com/Sturmi77/correlcore/pull/994
971,https://github.com/Sturmi77/correlcore/pull/971#pullrequestreview-5260913366,Review/Antwort,,AUD-19,"PR-Kontext, Einzelprüfung A11 offen",,unbekannt/nicht anwendbar,offen – Fix/Regressionstest prüfen,,,<!-- CURSOR_AUTOMATION_ID: 8040bfce-1dbd-47b2-9b9d-3569b54c343f | RUN_ID: bc-464a0e1d-d73c-4215-837b-87ac05695221 --> ## Risk assessment **Risk: Medium** — human review required. N,PR#971:review-summary,gebündelte Review-Zusammenfassung; technische Inline-Punkte separat dispositioniert,https://github.com/Sturmi77/correlcore/pull/971#pullrequestreview-5260913366 | PR#971 -> A06/A08 | https://github.com/Sturmi77/correlcore/issues/980 | https://github.com/Sturmi77/correlcore/pull/994 | https://github.com/Sturmi77/correlcore/issues/982 | https://github.com/Sturmi77/correlcore/pull/996
971,https://github.com/Sturmi77/correlcore/pull/971#discussion_r4057288833,Inline,apps/web/src/routes/trends/+page.svelte,AUD-20,konkreter Audit-Unterpunkt,PRRT_kwDOSH3SD86kJ_lG,false,offen – Fix/Regressionstest prüfen,,,**<sub><sub>![P2 Badge](https://img.shields.io/badge/P2-yellow?style=flat)</sub></sub> Expose the fixed ESM partner instead of an empty state** When a tag or symptom is passed here,PR#971:audit-gate-A06/A08,offenes Audit-/Abnahme-Gate A06/A08; kein Abschluss behauptet,https://github.com/Sturmi77/correlcore/issues/980 | https://github.com/Sturmi77/correlcore/pull/994 | https://github.com/Sturmi77/correlcore/issues/982 | https://github.com/Sturmi77/correlcore/pull/996
971,https://github.com/Sturmi77/correlcore/pull/971#discussion_r4057288837,Inline,apps/web/src/lib/components/trends/TrendsComparePanel.svelte,AUD-20,konkreter Audit-Unterpunkt,PRRT_kwDOSH3SD86kJ_lJ,false,offen – Fix/Regressionstest prüfen,,,**<sub><sub>![P2 Badge](https://img.shields.io/badge/P2-yellow?style=flat)</sub></sub> Preserve work-context pins in the ESM handoff** When the second pin is one of the default-ena,PR#971:audit-gate-A06/A08,offenes Audit-/Abnahme-Gate A06/A08; kein Abschluss behauptet,https://github.com/Sturmi77/correlcore/issues/980 | https://github.com/Sturmi77/correlcore/pull/994 | https://github.com/Sturmi77/correlcore/issues/982 | https://github.com/Sturmi77/correlcore/pull/996
971,https://github.com/Sturmi77/correlcore/pull/971#discussion_r4057288839,Inline,apps/web/src/routes/insights/+page.svelte,AUD-19,konkreter Audit-Unterpunkt,PRRT_kwDOSH3SD86kJ_lK,false,offen – Fix/Regressionstest prüfen,,,**<sub><sub>![P2 Badge](https://img.shields.io/badge/P2-yellow?style=flat)</sub></sub> Match and surface the complete carried pair** This predicate treats any insight whose single,PR#971:audit-gate-A06/A08,offenes Audit-/Abnahme-Gate A06/A08; kein Abschluss behauptet,https://github.com/Sturmi77/correlcore/issues/980 | https://github.com/Sturmi77/correlcore/pull/994 | https://github.com/Sturmi77/correlcore/issues/982 | https://github.com/Sturmi77/correlcore/pull/996
971,https://github.com/Sturmi77/correlcore/pull/971#discussion_r4057288840,Inline,apps/web/src/routes/insights/signal/[id]/+page.svelte,AUD-15,konkreter Audit-Unterpunkt,PRRT_kwDOSH3SD86kJ_lL,false,offen – Fix/Regressionstest prüfen,,,**<sub><sub>![P2 Badge](https://img.shields.io/badge/P2-yellow?style=flat)</sub></sub> Hide the scatter control when verification is unsupported** For the composite insights handle,PR#971:audit-gate-A06/A08,offenes Audit-/Abnahme-Gate A06/A08; kein Abschluss behauptet,https://github.com/Sturmi77/correlcore/issues/980 | https://github.com/Sturmi77/correlcore/pull/994 | https://github.com/Sturmi77/correlcore/issues/982 | https://github.com/Sturmi77/correlcore/pull/996
971,https://github.com/Sturmi77/correlcore/pull/971#discussion_r4057288842,Inline,apps/web/src/routes/insights/+page.svelte,AUD-21,konkreter Audit-Unterpunkt,PRRT_kwDOSH3SD86kJ_lN,false,offen – Fix/Regressionstest prüfen,,,"**<sub><sub>![P2 Badge](https://img.shields.io/badge/P2-yellow?style=flat)</sub></sub> Avoid declaring a pair absent after a failed load** On an initial API failure, `loadInsights(",PR#971:audit-gate-A06/A08,offenes Audit-/Abnahme-Gate A06/A08; kein Abschluss behauptet,https://github.com/Sturmi77/correlcore/issues/980 | https://github.com/Sturmi77/correlcore/pull/994 | https://github.com/Sturmi77/correlcore/issues/982 | https://github.com/Sturmi77/correlcore/pull/996
971,https://github.com/Sturmi77/correlcore/pull/971#discussion_r4057288844,Inline,apps/web/src/lib/components/trends/TrendsComparePanel.svelte,AUD-37,konkreter Audit-Unterpunkt,PRRT_kwDOSH3SD86kJ_lO,false,offen – Fix/Regressionstest prüfen,,,"**<sub><sub>![P1 Badge](https://img.shields.io/badge/P1-orange?style=flat)</sub></sub> Add CI coverage before closing #967** The commit declares `Closes #967`, but it changes no te",PR#971:audit-gate-A06/A08,offenes Audit-/Abnahme-Gate A06/A08; kein Abschluss behauptet,https://github.com/Sturmi77/correlcore/issues/980 | https://github.com/Sturmi77/correlcore/pull/994 | https://github.com/Sturmi77/correlcore/issues/982 | https://github.com/Sturmi77/correlcore/pull/996
971,https://github.com/Sturmi77/correlcore/pull/971#pullrequestreview-5260930095,Review/Antwort,,AUD-19,"PR-Kontext, Einzelprüfung A11 offen",,unbekannt/nicht anwendbar,offen – Fix/Regressionstest prüfen,,,### 💡 Codex Review Here are some automated review suggestions for this pull request. **Reviewed commit:** `8018930f61` <details> <summary>ℹ️ About Codex in GitHub</summary> <br/>,PR#971:review-summary,gebündelte Review-Zusammenfassung; technische Inline-Punkte separat dispositioniert,https://github.com/Sturmi77/correlcore/pull/971#pullrequestreview-5260930095 | PR#971 -> A06/A08 | https://github.com/Sturmi77/correlcore/issues/980 | https://github.com/Sturmi77/correlcore/pull/994 | https://github.com/Sturmi77/correlcore/issues/982 | https://github.com/Sturmi77/correlcore/pull/996
970,https://github.com/Sturmi77/correlcore/pull/970#pullrequestreview-5260911735,Review/Antwort,,AUD-22,"PR-Kontext, Einzelprüfung A11 offen",,unbekannt/nicht anwendbar,offen – Fix/Regressionstest prüfen,,,"<!-- CURSOR_AUTOMATION_ID: 8040bfce-1dbd-47b2-9b9d-3569b54c343f | RUN_ID: bc-5c330a46-d349-41cc-8989-f8da9fc5987b --> ## Risk assessment: Low Assessed from the diff only (12 files,",PR#970:review-summary,gebündelte Review-Zusammenfassung; technische Inline-Punkte separat dispositioniert,https://github.com/Sturmi77/correlcore/pull/970#pullrequestreview-5260911735 | PR#970 -> A07 | https://github.com/Sturmi77/correlcore/issues/981 | https://github.com/Sturmi77/correlcore/pull/995
970,https://github.com/Sturmi77/correlcore/pull/970#discussion_r4057279391,Inline,apps/web/src/lib/components/insights/TagCooccurrenceHeatmap.svelte,AUD-22,konkreter Audit-Unterpunkt,PRRT_kwDOSH3SD86kJ9_I,false,offen – Fix/Regressionstest prüfen,,,"**<sub><sub>![P1 Badge](https://img.shields.io/badge/P1-orange?style=flat)</sub></sub> Keep the short-window state mounted** When `window_too_short` is true, the backend necessaril",PR#970:audit-gate-A07,offenes Audit-/Abnahme-Gate A07; kein Abschluss behauptet,https://github.com/Sturmi77/correlcore/issues/981 | https://github.com/Sturmi77/correlcore/pull/995
970,https://github.com/Sturmi77/correlcore/pull/970#discussion_r4057279392,Inline,backend/app/services/stats_service.py,AUD-23,konkreter Audit-Unterpunkt,PRRT_kwDOSH3SD86kJ9_J,false,offen – Fix/Regressionstest prüfen,,,**<sub><sub>![P2 Badge](https://img.shields.io/badge/P2-yellow?style=flat)</sub></sub> Mark an empty selected window as too short** When an analytics-enabled user has no entries in,PR#970:audit-gate-A07,offenes Audit-/Abnahme-Gate A07; kein Abschluss behauptet,https://github.com/Sturmi77/correlcore/issues/981 | https://github.com/Sturmi77/correlcore/pull/995
970,https://github.com/Sturmi77/correlcore/pull/970#discussion_r4057279394,Inline,apps/web/src/lib/components/insights/TagCooccurrenceHeatmap.svelte,AUD-35,konkreter Audit-Unterpunkt,PRRT_kwDOSH3SD86kJ9_L,false,offen – Fix/Regressionstest prüfen,,,**<sub><sub>![P1 Badge](https://img.shields.io/badge/P1-orange?style=flat)</sub></sub> Remove the closing keyword until manual verification finishes** The commit message says `Clos,PR#970:audit-gate-A07,offenes Audit-/Abnahme-Gate A07; kein Abschluss behauptet,https://github.com/Sturmi77/correlcore/issues/981 | https://github.com/Sturmi77/correlcore/pull/995
970,https://github.com/Sturmi77/correlcore/pull/970#pullrequestreview-5260921118,Review/Antwort,,AUD-22,"PR-Kontext, Einzelprüfung A11 offen",,unbekannt/nicht anwendbar,offen – Fix/Regressionstest prüfen,,,### 💡 Codex Review Here are some automated review suggestions for this pull request. **Reviewed commit:** `13f3956dfe` <details> <summary>ℹ️ About Codex in GitHub</summary> <br/>,PR#970:review-summary,gebündelte Review-Zusammenfassung; technische Inline-Punkte separat dispositioniert,https://github.com/Sturmi77/correlcore/pull/970#pullrequestreview-5260921118 | PR#970 -> A07 | https://github.com/Sturmi77/correlcore/issues/981 | https://github.com/Sturmi77/correlcore/pull/995
969,https://github.com/Sturmi77/correlcore/pull/969#pullrequestreview-5260910838,Review/Antwort,,AUD-07,"PR-Kontext, Einzelprüfung A11 offen",,unbekannt/nicht anwendbar,offen – Fix/Regressionstest prüfen,,,<!-- CURSOR_AUTOMATION_ID: 8040bfce-1dbd-47b2-9b9d-3569b54c343f | RUN_ID: bc-cf7bb3a6-9b0a-40df-aafe-b7409c6ed0d7 --> ## Risk assessment: **Low** — approved Assessed from the diff,PR#969:review-summary,gebündelte Review-Zusammenfassung; technische Inline-Punkte separat dispositioniert,https://github.com/Sturmi77/correlcore/pull/969#pullrequestreview-5260910838 | PR#969 -> A05 | https://github.com/Sturmi77/correlcore/issues/989
969,https://github.com/Sturmi77/correlcore/pull/969#discussion_r4057276851,Inline,apps/web/src/lib/components/insights/InsightReportTable.svelte,AUD-07,konkreter Audit-Unterpunkt,PRRT_kwDOSH3SD86kJ9kj,false,offen – Fix/Regressionstest prüfen,,,"**<sub><sub>![P1 Badge](https://img.shields.io/badge/P1-orange?style=flat)</sub></sub> Include group sizes in downloaded reports** When an association has uneven groups, this helpe",PR#969:audit-gate-A05,offenes Audit-/Abnahme-Gate A05; kein Abschluss behauptet,https://github.com/Sturmi77/correlcore/issues/989
969,https://github.com/Sturmi77/correlcore/pull/969#discussion_r4057276856,Inline,apps/web/src/routes/insights/report/+page.svelte,AUD-08,konkreter Audit-Unterpunkt,PRRT_kwDOSH3SD86kJ9kn,false,offen – Fix/Regressionstest prüfen,,,"**<sub><sub>![P2 Badge](https://img.shields.io/badge/P2-yellow?style=flat)</sub></sub> Keep invalid requested signals from selecting every row** When `signal` identifies a null, we",PR#969:audit-gate-A05,offenes Audit-/Abnahme-Gate A05; kein Abschluss behauptet,https://github.com/Sturmi77/correlcore/issues/989
969,https://github.com/Sturmi77/correlcore/pull/969#pullrequestreview-5260918688,Review/Antwort,,AUD-07,"PR-Kontext, Einzelprüfung A11 offen",,unbekannt/nicht anwendbar,offen – Fix/Regressionstest prüfen,,,### 💡 Codex Review Here are some automated review suggestions for this pull request. **Reviewed commit:** `d8c0febc6e` <details> <summary>ℹ️ About Codex in GitHub</summary> <br/>,PR#969:review-summary,gebündelte Review-Zusammenfassung; technische Inline-Punkte separat dispositioniert,https://github.com/Sturmi77/correlcore/pull/969#pullrequestreview-5260918688 | PR#969 -> A05 | https://github.com/Sturmi77/correlcore/issues/989
969,https://github.com/Sturmi77/correlcore/pull/969#discussion_r4057276859,Inline,apps/web/src/routes/insights/report/+page.svelte,AUD-09,konkreter Audit-Unterpunkt,PRRT_kwDOSH3SD86kJ9kp,false,offen – Fix/Regressionstest prüfen,,,"**<sub><sub>![P2 Badge](https://img.shields.io/badge/P2-yellow?style=flat)</sub></sub> Suppress the not-reportable alert when loading fails** When `listLatestInsights` rejects, the",PR#969:audit-gate-A05,offenes Audit-/Abnahme-Gate A05; kein Abschluss behauptet,https://github.com/Sturmi77/correlcore/issues/989
969,https://github.com/Sturmi77/correlcore/pull/969#discussion_r4057276861,Inline,apps/web/src/routes/insights/report/+page.svelte,AUD-10,konkreter Audit-Unterpunkt,PRRT_kwDOSH3SD86kJ9kq,false,offen – Fix/Regressionstest prüfen,,,**<sub><sub>![P2 Badge](https://img.shields.io/badge/P2-yellow?style=flat)</sub></sub> Preserve the requested signal through authentication** For an unauthenticated visit to `/insi,PR#969:audit-gate-A05,offenes Audit-/Abnahme-Gate A05; kein Abschluss behauptet,https://github.com/Sturmi77/correlcore/issues/989
968,https://github.com/Sturmi77/correlcore/pull/968#pullrequestreview-5260910821,Review/Antwort,,AUD-06,"PR-Kontext, Einzelprüfung A11 offen",,unbekannt/nicht anwendbar,offen – Fix/Regressionstest prüfen,,,<!-- CURSOR_AUTOMATION_ID: 8040bfce-1dbd-47b2-9b9d-3569b54c343f | RUN_ID: bc-2b19e4c1-0863-47de-9643-d3ab4e3681d1 --> ## Risk assessment: **Low** Assessed from the diff only (6 fil,PR#968:review-summary,gebündelte Review-Zusammenfassung; technische Inline-Punkte separat dispositioniert,https://github.com/Sturmi77/correlcore/pull/968#pullrequestreview-5260910821 | PR#968 -> A03 | https://github.com/Sturmi77/correlcore/issues/978 | https://github.com/Sturmi77/correlcore/pull/992
968,https://github.com/Sturmi77/correlcore/pull/968#discussion_r4057277069,Inline,backend/app/services/insight_service.py,AUD-06,konkreter Audit-Unterpunkt,PRRT_kwDOSH3SD86kJ9m7,false,offen – Fix/Regressionstest prüfen,,,**<sub><sub>![P1 Badge](https://img.shields.io/badge/P1-orange?style=flat)</sub></sub> Migrate persisted dismissals before changing their key format** For users who already dismiss,PR#968:audit-gate-A03,offenes Audit-/Abnahme-Gate A03; kein Abschluss behauptet,https://github.com/Sturmi77/correlcore/issues/978 | https://github.com/Sturmi77/correlcore/pull/992
968,https://github.com/Sturmi77/correlcore/pull/968#pullrequestreview-5260918868,Review/Antwort,,AUD-06,"PR-Kontext, Einzelprüfung A11 offen",,unbekannt/nicht anwendbar,offen – Fix/Regressionstest prüfen,,,### 💡 Codex Review Here are some automated review suggestions for this pull request. **Reviewed commit:** `7e175d92b8` <details> <summary>ℹ️ About Codex in GitHub</summary> <br/>,PR#968:review-summary,gebündelte Review-Zusammenfassung; technische Inline-Punkte separat dispositioniert,https://github.com/Sturmi77/correlcore/pull/968#pullrequestreview-5260918868 | PR#968 -> A03 | https://github.com/Sturmi77/correlcore/issues/978 | https://github.com/Sturmi77/correlcore/pull/992
963,https://github.com/Sturmi77/correlcore/pull/963#pullrequestreview-5260832645,Review/Antwort,,AUD-35,"PR-Kontext, Einzelprüfung A11 offen",,unbekannt/nicht anwendbar,offen – Fix/Regressionstest prüfen,,,<!-- CURSOR_AUTOMATION_ID: 8040bfce-1dbd-47b2-9b9d-3569b54c343f | RUN_ID: bc-26fb5c1e-a54b-4d8e-bc42-50a305a07dd3 --> ## Risk assessment: **Low** Assessed from the actual diff (7 f,PR#963:review-summary,gebündelte Review-Zusammenfassung; technische Inline-Punkte separat dispositioniert,https://github.com/Sturmi77/correlcore/pull/963#pullrequestreview-5260832645 | AUD-35 -> A00/A11 | https://github.com/Sturmi77/correlcore/issues/976 | https://github.com/Sturmi77/correlcore/pull/990 | https://github.com/Sturmi77/correlcore/issues/985
963,https://github.com/Sturmi77/correlcore/pull/963#discussion_r4057197963,Inline,apps/web/src/routes/insights/+page.svelte,AUD-35,"PR-Kontext, Einzelprüfung A11 offen",PRRT_kwDOSH3SD86kJwgq,false,offen – Fix/Regressionstest prüfen,,,**<sub><sub>![P2 Badge](https://img.shields.io/badge/P2-yellow?style=flat)</sub></sub> Preserve the empty state after filtering Belastung** When `belastung_pattern` is the only ret,PR#963:historical-inline,historischer Inline-Kontext; in AUD-35 / A00/A11 übertragen,https://github.com/Sturmi77/correlcore/pull/990 | https://github.com/Sturmi77/correlcore/issues/976 | https://github.com/Sturmi77/correlcore/pull/990 | https://github.com/Sturmi77/correlcore/issues/985
963,https://github.com/Sturmi77/correlcore/pull/963#discussion_r4057197966,Inline,backend/app/services/user_preferences_service.py,AUD-35,"PR-Kontext, Einzelprüfung A11 offen",PRRT_kwDOSH3SD86kJwgr,false,offen – Fix/Regressionstest prüfen,,,**<sub><sub>![P2 Badge](https://img.shields.io/badge/P2-yellow?style=flat)</sub></sub> Repair preference versions that already leapfrogged** For a row already carrying a value abov,PR#963:historical-inline,historischer Inline-Kontext; in AUD-35 / A00/A11 übertragen,https://github.com/Sturmi77/correlcore/pull/990 | https://github.com/Sturmi77/correlcore/issues/976 | https://github.com/Sturmi77/correlcore/pull/990 | https://github.com/Sturmi77/correlcore/issues/985
963,https://github.com/Sturmi77/correlcore/pull/963#discussion_r4057197968,Inline,apps/web/src/routes/insights/+page.svelte,AUD-35,"PR-Kontext, Einzelprüfung A11 offen",PRRT_kwDOSH3SD86kJwgt,false,offen – Fix/Regressionstest prüfen,,,**<sub><sub>![P2 Badge](https://img.shields.io/badge/P2-yellow?style=flat)</sub></sub> Load cluster metadata for the co-occurrence section** When a robust-phase user enables `tag_c,PR#963:historical-inline,historischer Inline-Kontext; in AUD-35 / A00/A11 übertragen,https://github.com/Sturmi77/correlcore/pull/990 | https://github.com/Sturmi77/correlcore/issues/976 | https://github.com/Sturmi77/correlcore/pull/990 | https://github.com/Sturmi77/correlcore/issues/985
963,https://github.com/Sturmi77/correlcore/pull/963#pullrequestreview-5260841301,Review/Antwort,,AUD-35,"PR-Kontext, Einzelprüfung A11 offen",,unbekannt/nicht anwendbar,offen – Fix/Regressionstest prüfen,,,### 💡 Codex Review Here are some automated review suggestions for this pull request. **Reviewed commit:** `78849bd7c8` <details> <summary>ℹ️ About Codex in GitHub</summary> <br/>,PR#963:review-summary,gebündelte Review-Zusammenfassung; technische Inline-Punkte separat dispositioniert,https://github.com/Sturmi77/correlcore/pull/963#pullrequestreview-5260841301 | AUD-35 -> A00/A11 | https://github.com/Sturmi77/correlcore/issues/976 | https://github.com/Sturmi77/correlcore/pull/990 | https://github.com/Sturmi77/correlcore/issues/985
962,https://github.com/Sturmi77/correlcore/pull/962#pullrequestreview-5260807341,Review/Antwort,,AUD-23,"PR-Kontext, Einzelprüfung A11 offen",,unbekannt/nicht anwendbar,offen – Fix/Regressionstest prüfen,,,<!-- CURSOR_AUTOMATION_ID: 8040bfce-1dbd-47b2-9b9d-3569b54c343f | RUN_ID: bc-77205e9a-de63-4c95-b312-e6f8968a42fa --> ## Risk assessment: Medium Review is required. This automation,PR#962:review-summary,gebündelte Review-Zusammenfassung; technische Inline-Punkte separat dispositioniert,https://github.com/Sturmi77/correlcore/pull/962#pullrequestreview-5260807341 | AUD-23 -> A07 | https://github.com/Sturmi77/correlcore/issues/981 | https://github.com/Sturmi77/correlcore/pull/995
962,https://github.com/Sturmi77/correlcore/pull/962#issuecomment-5750398211,Review/Antwort,,AUD-23,"PR-Kontext, Einzelprüfung A11 offen",,unbekannt/nicht anwendbar,offen – Fix/Regressionstest prüfen,,,"**Korrektur zur Basis.** Dieser PR zeigte anfangs 22 Dateien, weil ich den Branch vom damaligen HEAD statt von `main` abgezweigt hatte — er trug dadurch die Commits aus #961 mit. B",PR#962:review-summary,gebündelte Review-Zusammenfassung; technische Inline-Punkte separat dispositioniert,https://github.com/Sturmi77/correlcore/pull/962#issuecomment-5750398211 | AUD-23 -> A07 | https://github.com/Sturmi77/correlcore/issues/981 | https://github.com/Sturmi77/correlcore/pull/995
962,https://github.com/Sturmi77/correlcore/pull/962#issuecomment-5750410014,Review/Antwort,,AUD-23,"PR-Kontext, Einzelprüfung A11 offen",,unbekannt/nicht anwendbar,offen – Fix/Regressionstest prüfen,,,### 💡 Codex Review https://github.com/Sturmi77/correlcore/blob/e17362735ba5a8d329d4a99237206e6c12b43dca/backend/app/services/weekday_confounder.py#L355-L356 **<sub><sub>![P2 Badge,PR#962:review-summary,gebündelte Review-Zusammenfassung; technische Inline-Punkte separat dispositioniert,https://github.com/Sturmi77/correlcore/pull/962#issuecomment-5750410014 | AUD-23 -> A07 | https://github.com/Sturmi77/correlcore/issues/981 | https://github.com/Sturmi77/correlcore/pull/995
961,https://github.com/Sturmi77/correlcore/pull/961#pullrequestreview-5260794726,Review/Antwort,,AUD-24,"PR-Kontext, Einzelprüfung A11 offen",,unbekannt/nicht anwendbar,offen – Fix/Regressionstest prüfen,,,<!-- CURSOR_AUTOMATION_ID: 8040bfce-1dbd-47b2-9b9d-3569b54c343f | RUN_ID: bc-68593cd9-ef0a-4761-8994-2ae051f606bf --> ## Risk assessment: **Medium** Code review is required. This a,PR#961:review-summary,gebündelte Review-Zusammenfassung; technische Inline-Punkte separat dispositioniert,https://github.com/Sturmi77/correlcore/pull/961#pullrequestreview-5260794726 | AUD-24 -> A04 | https://github.com/Sturmi77/correlcore/issues/979 | https://github.com/Sturmi77/correlcore/pull/993
961,https://github.com/Sturmi77/correlcore/pull/961#pullrequestreview-5260806399,Review/Antwort,,AUD-24,"PR-Kontext, Einzelprüfung A11 offen",,unbekannt/nicht anwendbar,offen – Fix/Regressionstest prüfen,,,### 💡 Codex Review Here are some automated review suggestions for this pull request. **Reviewed commit:** `43cc9007ca` <details> <summary>ℹ️ About Codex in GitHub</summary> <br/>,PR#961:review-summary,gebündelte Review-Zusammenfassung; technische Inline-Punkte separat dispositioniert,https://github.com/Sturmi77/correlcore/pull/961#pullrequestreview-5260806399 | AUD-24 -> A04 | https://github.com/Sturmi77/correlcore/issues/979 | https://github.com/Sturmi77/correlcore/pull/993
961,https://github.com/Sturmi77/correlcore/pull/961#discussion_r4057161570,Inline,apps/web/src/lib/components/insights/SignalScatter.svelte,AUD-24,"PR-Kontext, Einzelprüfung A11 offen",PRRT_kwDOSH3SD86kJqc6,false,offen – Fix/Regressionstest prüfen,,,"**<sub><sub>![P2 Badge](https://img.shields.io/badge/P2-yellow?style=flat)</sub></sub> Keep stress scatter ticks on the display scale** When `metric` is `stress`, this maps raw 1 t",PR#961:historical-inline,historischer Inline-Kontext; in AUD-24 / A04 übertragen,https://github.com/Sturmi77/correlcore/pull/990 | https://github.com/Sturmi77/correlcore/issues/979 | https://github.com/Sturmi77/correlcore/pull/993
961,https://github.com/Sturmi77/correlcore/pull/961#discussion_r4057161571,Inline,backend/app/services/insights/changepoint.py,AUD-24,"PR-Kontext, Einzelprüfung A11 offen",PRRT_kwDOSH3SD86kJqc9,false,offen – Fix/Regressionstest prüfen,,,"**<sub><sub>![P2 Badge](https://img.shields.io/badge/P2-yellow?style=flat)</sub></sub> Align the changepoint card arrow with the displayed direction** For a raw stress increase, `d",PR#961:historical-inline,historischer Inline-Kontext; in AUD-24 / A04 übertragen,https://github.com/Sturmi77/correlcore/pull/990 | https://github.com/Sturmi77/correlcore/issues/979 | https://github.com/Sturmi77/correlcore/pull/993
961,https://github.com/Sturmi77/correlcore/pull/961#discussion_r4057161574,Inline,apps/web/src/lib/components/trends/HabitDetailBody.svelte,AUD-24,"PR-Kontext, Einzelprüfung A11 offen",PRRT_kwDOSH3SD86kJqc-,false,offen – Fix/Regressionstest prüfen,,,"**<sub><sub>![P2 Badge](https://img.shields.io/badge/P2-yellow?style=flat)</sub></sub> Restore the habit statistic card styles** On every populated habit-detail view, this selector",PR#961:historical-inline,historischer Inline-Kontext; in AUD-24 / A04 übertragen,https://github.com/Sturmi77/correlcore/pull/990 | https://github.com/Sturmi77/correlcore/issues/979 | https://github.com/Sturmi77/correlcore/pull/993
954,https://github.com/Sturmi77/correlcore/pull/954#issuecomment-5741054651,Review/Antwort,,AUD-13,"PR-Kontext, Einzelprüfung A11 offen",,unbekannt/nicht anwendbar,offen – Fix/Regressionstest prüfen,,,You have reached your Codex usage limits for code reviews. You can see your limits in the [Codex usage dashboard](https://chatgpt.com/codex/cloud/settings/usage). To continue using,PR#954:review-summary,gebündelte Review-Zusammenfassung; technische Inline-Punkte separat dispositioniert,https://github.com/Sturmi77/correlcore/pull/954#issuecomment-5741054651 | AUD-13 -> A04/A06 | https://github.com/Sturmi77/correlcore/issues/979 | https://github.com/Sturmi77/correlcore/pull/993 | https://github.com/Sturmi77/correlcore/issues/980 | https://github.com/Sturmi77/correlcore/pull/994
954,https://github.com/Sturmi77/correlcore/pull/954#pullrequestreview-5255366319,Review/Antwort,,AUD-13,"PR-Kontext, Einzelprüfung A11 offen",,unbekannt/nicht anwendbar,offen – Fix/Regressionstest prüfen,,,"<details> <summary>Stale comment</summary> <blockquote> ## Risk assessment: **Medium** Derived from the diff only (32 files, +1441/−46). This is not documentation-only, test-only,",PR#954:review-summary,gebündelte Review-Zusammenfassung; technische Inline-Punkte separat dispositioniert,https://github.com/Sturmi77/correlcore/pull/954#pullrequestreview-5255366319 | AUD-13 -> A04/A06 | https://github.com/Sturmi77/correlcore/issues/979 | https://github.com/Sturmi77/correlcore/pull/993 | https://github.com/Sturmi77/correlcore/issues/980 | https://github.com/Sturmi77/correlcore/pull/994
954,https://github.com/Sturmi77/correlcore/pull/954#issuecomment-5741170649,Review/Antwort,,AUD-13,"PR-Kontext, Einzelprüfung A11 offen",,unbekannt/nicht anwendbar,offen – Fix/Regressionstest prüfen,,,## Phase 1+2 integration Merged `feat/928-phase2-honest-window` (includes Phase 1) into this tip so the later stack is no longer missing the honest window / copy-hygiene work. Nota,PR#954:review-summary,gebündelte Review-Zusammenfassung; technische Inline-Punkte separat dispositioniert,https://github.com/Sturmi77/correlcore/pull/954#issuecomment-5741170649 | AUD-13 -> A04/A06 | https://github.com/Sturmi77/correlcore/issues/979 | https://github.com/Sturmi77/correlcore/pull/993 | https://github.com/Sturmi77/correlcore/issues/980 | https://github.com/Sturmi77/correlcore/pull/994
954,https://github.com/Sturmi77/correlcore/pull/954#discussion_r4052954343,Inline,backend/migrations/versions/054_trend_window_days.py,AUD-13,"PR-Kontext, Einzelprüfung A11 offen",PRRT_kwDOSH3SD86j-7BO,true,offen – Fix/Regressionstest prüfen,,,<!-- CURSOR_AUTOMATION_ID: 8040bfce-1dbd-47b2-9b9d-3569b54c343f | RUN_ID: bc-419f045a-d45b-4f64-8a37-62cc0264d49e --> Risk focus (data model): this is not a Very Low additive migra,PR#954:historical-inline,historischer Inline-Kontext; in AUD-13 / A04/A06 übertragen,https://github.com/Sturmi77/correlcore/pull/990 | https://github.com/Sturmi77/correlcore/issues/979 | https://github.com/Sturmi77/correlcore/pull/993 | https://github.com/Sturmi77/correlcore/issues/980 | https://github.com/Sturmi77/correlcore/pull/994
954,https://github.com/Sturmi77/correlcore/pull/954#discussion_r4052954353,Inline,backend/app/services/multivariate_analytics.py,AUD-13,"PR-Kontext, Einzelprüfung A11 offen",PRRT_kwDOSH3SD86j-7BV,true,offen – Fix/Regressionstest prüfen,,,<!-- CURSOR_AUTOMATION_ID: 8040bfce-1dbd-47b2-9b9d-3569b54c343f | RUN_ID: bc-419f045a-d45b-4f64-8a37-62cc0264d49e --> Risk focus (analytics worker): median-split frequencies recomp,PR#954:historical-inline,historischer Inline-Kontext; in AUD-13 / A04/A06 übertragen,https://github.com/Sturmi77/correlcore/pull/990 | https://github.com/Sturmi77/correlcore/issues/979 | https://github.com/Sturmi77/correlcore/pull/993 | https://github.com/Sturmi77/correlcore/issues/980 | https://github.com/Sturmi77/correlcore/pull/994
954,https://github.com/Sturmi77/correlcore/pull/954#discussion_r4052954358,Inline,apps/web/src/lib/stores/analysisRange.ts,AUD-13,"PR-Kontext, Einzelprüfung A11 offen",PRRT_kwDOSH3SD86j-7BY,true,offen – Fix/Regressionstest prüfen,,,<!-- CURSOR_AUTOMATION_ID: 8040bfce-1dbd-47b2-9b9d-3569b54c343f | RUN_ID: bc-419f045a-d45b-4f64-8a37-62cc0264d49e --> Risk focus (shared client state): `analysisRange` changed from,PR#954:historical-inline,historischer Inline-Kontext; in AUD-13 / A04/A06 übertragen,https://github.com/Sturmi77/correlcore/pull/990 | https://github.com/Sturmi77/correlcore/issues/979 | https://github.com/Sturmi77/correlcore/pull/993 | https://github.com/Sturmi77/correlcore/issues/980 | https://github.com/Sturmi77/correlcore/pull/994
954,https://github.com/Sturmi77/correlcore/pull/954#discussion_r4052954365,Inline,apps/web/src/routes/trends/+page.svelte,AUD-13,"PR-Kontext, Einzelprüfung A11 offen",PRRT_kwDOSH3SD86j-7Ba,true,offen – Fix/Regressionstest prüfen,,,<!-- CURSOR_AUTOMATION_ID: 8040bfce-1dbd-47b2-9b9d-3569b54c343f | RUN_ID: bc-419f045a-d45b-4f64-8a37-62cc0264d49e --> Risk focus (Compare): Zeitversatz is applied **after** smoothi,PR#954:historical-inline,historischer Inline-Kontext; in AUD-13 / A04/A06 übertragen,https://github.com/Sturmi77/correlcore/pull/990 | https://github.com/Sturmi77/correlcore/issues/979 | https://github.com/Sturmi77/correlcore/pull/993 | https://github.com/Sturmi77/correlcore/issues/980 | https://github.com/Sturmi77/correlcore/pull/994
954,https://github.com/Sturmi77/correlcore/pull/954#pullrequestreview-5255448502,Review/Antwort,,AUD-13,"PR-Kontext, Einzelprüfung A11 offen",,unbekannt/nicht anwendbar,offen – Fix/Regressionstest prüfen,,,<details> <summary>Stale comment</summary> <blockquote> ## Risk assessment: **Medium-High** (increased from Medium) Re-evaluated after `4cd0de45` merged Phase 1+2 into the Phase 14,PR#954:review-summary,gebündelte Review-Zusammenfassung; technische Inline-Punkte separat dispositioniert,https://github.com/Sturmi77/correlcore/pull/954#pullrequestreview-5255448502 | AUD-13 -> A04/A06 | https://github.com/Sturmi77/correlcore/issues/979 | https://github.com/Sturmi77/correlcore/pull/993 | https://github.com/Sturmi77/correlcore/issues/980 | https://github.com/Sturmi77/correlcore/pull/994
954,https://github.com/Sturmi77/correlcore/pull/954#discussion_r4053178554,Inline,backend/migrations/versions/054_trend_window_days.py,AUD-13,"PR-Kontext, Einzelprüfung A11 offen",PRRT_kwDOSH3SD86j_el2,true,offen – Fix/Regressionstest prüfen,,,<!-- CURSOR_AUTOMATION_ID: 8040bfce-1dbd-47b2-9b9d-3569b54c343f | RUN_ID: bc-f8886c70-fb01-4408-ac31-eafc2483aa26 --> Risk focus (data model): still not a Very Low additive migrati,PR#954:historical-inline,historischer Inline-Kontext; in AUD-13 / A04/A06 übertragen,https://github.com/Sturmi77/correlcore/pull/990 | https://github.com/Sturmi77/correlcore/issues/979 | https://github.com/Sturmi77/correlcore/pull/993 | https://github.com/Sturmi77/correlcore/issues/980 | https://github.com/Sturmi77/correlcore/pull/994
954,https://github.com/Sturmi77/correlcore/pull/954#discussion_r4053178557,Inline,backend/app/services/multivariate_analytics.py,AUD-13,"PR-Kontext, Einzelprüfung A11 offen",PRRT_kwDOSH3SD86j_el5,true,offen – Fix/Regressionstest prüfen,,,<!-- CURSOR_AUTOMATION_ID: 8040bfce-1dbd-47b2-9b9d-3569b54c343f | RUN_ID: bc-f8886c70-fb01-4408-ac31-eafc2483aa26 --> Risk focus (analytics worker): median-split frequencies still,PR#954:historical-inline,historischer Inline-Kontext; in AUD-13 / A04/A06 übertragen,https://github.com/Sturmi77/correlcore/pull/990 | https://github.com/Sturmi77/correlcore/issues/979 | https://github.com/Sturmi77/correlcore/pull/993 | https://github.com/Sturmi77/correlcore/issues/980 | https://github.com/Sturmi77/correlcore/pull/994
954,https://github.com/Sturmi77/correlcore/pull/954#discussion_r4053178559,Inline,apps/web/src/lib/stores/analysisRange.ts,AUD-13,"PR-Kontext, Einzelprüfung A11 offen",PRRT_kwDOSH3SD86j_el7,true,offen – Fix/Regressionstest prüfen,,,<!-- CURSOR_AUTOMATION_ID: 8040bfce-1dbd-47b2-9b9d-3569b54c343f | RUN_ID: bc-f8886c70-fb01-4408-ac31-eafc2483aa26 --> Risk focus (shared client state): `analysisRange` is `TrendWin,PR#954:historical-inline,historischer Inline-Kontext; in AUD-13 / A04/A06 übertragen,https://github.com/Sturmi77/correlcore/pull/990 | https://github.com/Sturmi77/correlcore/issues/979 | https://github.com/Sturmi77/correlcore/pull/993 | https://github.com/Sturmi77/correlcore/issues/980 | https://github.com/Sturmi77/correlcore/pull/994
954,https://github.com/Sturmi77/correlcore/pull/954#discussion_r4053178562,Inline,apps/web/src/routes/trends/+page.svelte,AUD-13,"PR-Kontext, Einzelprüfung A11 offen",PRRT_kwDOSH3SD86j_el9,true,offen – Fix/Regressionstest prüfen,,,<!-- CURSOR_AUTOMATION_ID: 8040bfce-1dbd-47b2-9b9d-3569b54c343f | RUN_ID: bc-f8886c70-fb01-4408-ac31-eafc2483aa26 --> Risk focus (Compare): Zeitversatz is still applied **after** s,PR#954:historical-inline,historischer Inline-Kontext; in AUD-13 / A04/A06 übertragen,https://github.com/Sturmi77/correlcore/pull/990 | https://github.com/Sturmi77/correlcore/issues/979 | https://github.com/Sturmi77/correlcore/pull/993 | https://github.com/Sturmi77/correlcore/issues/980 | https://github.com/Sturmi77/correlcore/pull/994
954,https://github.com/Sturmi77/correlcore/pull/954#pullrequestreview-5255727021,Review/Antwort,,AUD-13,"PR-Kontext, Einzelprüfung A11 offen",,unbekannt/nicht anwendbar,offen – Fix/Regressionstest prüfen,,,<details> <summary>Stale comment</summary> <blockquote> ## Risk assessment: **Medium-High** (unchanged) Re-evaluated after `6facacdc` (CI repair on the Phase 1–14 stack). Derived f,PR#954:review-summary,gebündelte Review-Zusammenfassung; technische Inline-Punkte separat dispositioniert,https://github.com/Sturmi77/correlcore/pull/954#pullrequestreview-5255727021 | AUD-13 -> A04/A06 | https://github.com/Sturmi77/correlcore/issues/979 | https://github.com/Sturmi77/correlcore/pull/993 | https://github.com/Sturmi77/correlcore/issues/980 | https://github.com/Sturmi77/correlcore/pull/994
954,https://github.com/Sturmi77/correlcore/pull/954#discussion_r4053213522,Inline,backend/migrations/versions/054_trend_window_days.py,AUD-13,"PR-Kontext, Einzelprüfung A11 offen",PRRT_kwDOSH3SD86j_kOO,true,offen – Fix/Regressionstest prüfen,,,<!-- CURSOR_AUTOMATION_ID: 8040bfce-1dbd-47b2-9b9d-3569b54c343f | RUN_ID: bc-2acdb89f-900d-43eb-88e3-76e875689059 --> Risk focus (data model): still not a Very Low additive migrati,PR#954:historical-inline,historischer Inline-Kontext; in AUD-13 / A04/A06 übertragen,https://github.com/Sturmi77/correlcore/pull/990 | https://github.com/Sturmi77/correlcore/issues/979 | https://github.com/Sturmi77/correlcore/pull/993 | https://github.com/Sturmi77/correlcore/issues/980 | https://github.com/Sturmi77/correlcore/pull/994
954,https://github.com/Sturmi77/correlcore/pull/954#discussion_r4053213523,Inline,backend/app/services/multivariate_analytics.py,AUD-13,"PR-Kontext, Einzelprüfung A11 offen",PRRT_kwDOSH3SD86j_kOP,true,offen – Fix/Regressionstest prüfen,,,<!-- CURSOR_AUTOMATION_ID: 8040bfce-1dbd-47b2-9b9d-3569b54c343f | RUN_ID: bc-2acdb89f-900d-43eb-88e3-76e875689059 --> Risk focus (analytics worker): median-split frequencies still,PR#954:historical-inline,historischer Inline-Kontext; in AUD-13 / A04/A06 übertragen,https://github.com/Sturmi77/correlcore/pull/990 | https://github.com/Sturmi77/correlcore/issues/979 | https://github.com/Sturmi77/correlcore/pull/993 | https://github.com/Sturmi77/correlcore/issues/980 | https://github.com/Sturmi77/correlcore/pull/994
954,https://github.com/Sturmi77/correlcore/pull/954#discussion_r4053213524,Inline,apps/web/src/lib/stores/analysisRange.ts,AUD-13,"PR-Kontext, Einzelprüfung A11 offen",PRRT_kwDOSH3SD86j_kOQ,true,offen – Fix/Regressionstest prüfen,,,<!-- CURSOR_AUTOMATION_ID: 8040bfce-1dbd-47b2-9b9d-3569b54c343f | RUN_ID: bc-2acdb89f-900d-43eb-88e3-76e875689059 --> Risk focus (shared client state): `analysisRange` is `TrendWin,PR#954:historical-inline,historischer Inline-Kontext; in AUD-13 / A04/A06 übertragen,https://github.com/Sturmi77/correlcore/pull/990 | https://github.com/Sturmi77/correlcore/issues/979 | https://github.com/Sturmi77/correlcore/pull/993 | https://github.com/Sturmi77/correlcore/issues/980 | https://github.com/Sturmi77/correlcore/pull/994
954,https://github.com/Sturmi77/correlcore/pull/954#pullrequestreview-5255766159,Review/Antwort,,AUD-13,"PR-Kontext, Einzelprüfung A11 offen",,unbekannt/nicht anwendbar,offen – Fix/Regressionstest prüfen,,,<details> <summary>Stale comment</summary> <blockquote> ## Risk assessment: **Medium-High** (unchanged) Re-evaluated after `c66032e6` merged `main` into the Phase 1–14 stack. Deriv,PR#954:review-summary,gebündelte Review-Zusammenfassung; technische Inline-Punkte separat dispositioniert,https://github.com/Sturmi77/correlcore/pull/954#pullrequestreview-5255766159 | AUD-13 -> A04/A06 | https://github.com/Sturmi77/correlcore/issues/979 | https://github.com/Sturmi77/correlcore/pull/993 | https://github.com/Sturmi77/correlcore/issues/980 | https://github.com/Sturmi77/correlcore/pull/994
954,https://github.com/Sturmi77/correlcore/pull/954#discussion_r4053213525,Inline,apps/web/src/routes/trends/+page.svelte,AUD-13,"PR-Kontext, Einzelprüfung A11 offen",PRRT_kwDOSH3SD86j_kOR,true,offen – Fix/Regressionstest prüfen,,,<!-- CURSOR_AUTOMATION_ID: 8040bfce-1dbd-47b2-9b9d-3569b54c343f | RUN_ID: bc-2acdb89f-900d-43eb-88e3-76e875689059 --> Risk focus (Compare): Zeitversatz is still applied **after** s,PR#954:historical-inline,historischer Inline-Kontext; in AUD-13 / A04/A06 übertragen,https://github.com/Sturmi77/correlcore/pull/990 | https://github.com/Sturmi77/correlcore/issues/979 | https://github.com/Sturmi77/correlcore/pull/993 | https://github.com/Sturmi77/correlcore/issues/980 | https://github.com/Sturmi77/correlcore/pull/994
954,https://github.com/Sturmi77/correlcore/pull/954#discussion_r4053213586,Inline,backend/app/services/timezone_utils.py,AUD-13,"PR-Kontext, Einzelprüfung A11 offen",PRRT_kwDOSH3SD86j_kOx,false,offen – Fix/Regressionstest prüfen,,,## CodeQL / Log Injection This log entry depends on a [user-provided value](1). This log entry depends on a [user-provided value](2). [Show more details](https://github.com/Sturmi7,PR#954:historical-inline,historischer Inline-Kontext; in AUD-13 / A04/A06 übertragen,https://github.com/Sturmi77/correlcore/pull/990 | https://github.com/Sturmi77/correlcore/issues/979 | https://github.com/Sturmi77/correlcore/pull/993 | https://github.com/Sturmi77/correlcore/issues/980 | https://github.com/Sturmi77/correlcore/pull/994
954,https://github.com/Sturmi77/correlcore/pull/954#pullrequestreview-5255766244,Review/Antwort,,AUD-13,"PR-Kontext, Einzelprüfung A11 offen",,unbekannt/nicht anwendbar,offen – Fix/Regressionstest prüfen,,,,PR#954:review-summary,gebündelte Review-Zusammenfassung; technische Inline-Punkte separat dispositioniert,https://github.com/Sturmi77/correlcore/pull/954#pullrequestreview-5255766244 | AUD-13 -> A04/A06 | https://github.com/Sturmi77/correlcore/issues/979 | https://github.com/Sturmi77/correlcore/pull/993 | https://github.com/Sturmi77/correlcore/issues/980 | https://github.com/Sturmi77/correlcore/pull/994
954,https://github.com/Sturmi77/correlcore/pull/954#pullrequestreview-5255894146,Review/Antwort,,AUD-13,"PR-Kontext, Einzelprüfung A11 offen",,unbekannt/nicht anwendbar,offen – Fix/Regressionstest prüfen,,,<details> <summary>Stale comment</summary> <blockquote> ## Risk assessment: **Medium-High** (unchanged) Re-evaluated after `2e8a7f8f` (049 backfill compatibility). Derived from the,PR#954:review-summary,gebündelte Review-Zusammenfassung; technische Inline-Punkte separat dispositioniert,https://github.com/Sturmi77/correlcore/pull/954#pullrequestreview-5255894146 | AUD-13 -> A04/A06 | https://github.com/Sturmi77/correlcore/issues/979 | https://github.com/Sturmi77/correlcore/pull/993 | https://github.com/Sturmi77/correlcore/issues/980 | https://github.com/Sturmi77/correlcore/pull/994
954,https://github.com/Sturmi77/correlcore/pull/954#discussion_r4053335834,Inline,backend/migrations/versions/054_trend_window_days.py,AUD-13,"PR-Kontext, Einzelprüfung A11 offen",PRRT_kwDOSH3SD86j_38r,true,offen – Fix/Regressionstest prüfen,,,<!-- CURSOR_AUTOMATION_ID: 8040bfce-1dbd-47b2-9b9d-3569b54c343f | RUN_ID: bc-8aee5a4e-a3f0-4c35-996a-900ae3872442 --> Risk focus (data model): still not a Very Low additive migrati,PR#954:historical-inline,historischer Inline-Kontext; in AUD-13 / A04/A06 übertragen,https://github.com/Sturmi77/correlcore/pull/990 | https://github.com/Sturmi77/correlcore/issues/979 | https://github.com/Sturmi77/correlcore/pull/993 | https://github.com/Sturmi77/correlcore/issues/980 | https://github.com/Sturmi77/correlcore/pull/994
954,https://github.com/Sturmi77/correlcore/pull/954#discussion_r4053335835,Inline,backend/app/services/multivariate_analytics.py,AUD-13,"PR-Kontext, Einzelprüfung A11 offen",PRRT_kwDOSH3SD86j_38s,true,offen – Fix/Regressionstest prüfen,,,<!-- CURSOR_AUTOMATION_ID: 8040bfce-1dbd-47b2-9b9d-3569b54c343f | RUN_ID: bc-8aee5a4e-a3f0-4c35-996a-900ae3872442 --> Risk focus (analytics worker): median-split frequencies still,PR#954:historical-inline,historischer Inline-Kontext; in AUD-13 / A04/A06 übertragen,https://github.com/Sturmi77/correlcore/pull/990 | https://github.com/Sturmi77/correlcore/issues/979 | https://github.com/Sturmi77/correlcore/pull/993 | https://github.com/Sturmi77/correlcore/issues/980 | https://github.com/Sturmi77/correlcore/pull/994
954,https://github.com/Sturmi77/correlcore/pull/954#discussion_r4053335836,Inline,apps/web/src/lib/stores/analysisRange.ts,AUD-13,"PR-Kontext, Einzelprüfung A11 offen",PRRT_kwDOSH3SD86j_38t,true,offen – Fix/Regressionstest prüfen,,,<!-- CURSOR_AUTOMATION_ID: 8040bfce-1dbd-47b2-9b9d-3569b54c343f | RUN_ID: bc-8aee5a4e-a3f0-4c35-996a-900ae3872442 --> Risk focus (shared client state): `analysisRange` is `TrendWin,PR#954:historical-inline,historischer Inline-Kontext; in AUD-13 / A04/A06 übertragen,https://github.com/Sturmi77/correlcore/pull/990 | https://github.com/Sturmi77/correlcore/issues/979 | https://github.com/Sturmi77/correlcore/pull/993 | https://github.com/Sturmi77/correlcore/issues/980 | https://github.com/Sturmi77/correlcore/pull/994
954,https://github.com/Sturmi77/correlcore/pull/954#discussion_r4053335838,Inline,apps/web/src/routes/trends/+page.svelte,AUD-13,"PR-Kontext, Einzelprüfung A11 offen",PRRT_kwDOSH3SD86j_38v,true,offen – Fix/Regressionstest prüfen,,,<!-- CURSOR_AUTOMATION_ID: 8040bfce-1dbd-47b2-9b9d-3569b54c343f | RUN_ID: bc-8aee5a4e-a3f0-4c35-996a-900ae3872442 --> Risk focus (Compare): Zeitversatz is still applied **after** s,PR#954:historical-inline,historischer Inline-Kontext; in AUD-13 / A04/A06 übertragen,https://github.com/Sturmi77/correlcore/pull/990 | https://github.com/Sturmi77/correlcore/issues/979 | https://github.com/Sturmi77/correlcore/pull/993 | https://github.com/Sturmi77/correlcore/issues/980 | https://github.com/Sturmi77/correlcore/pull/994
954,https://github.com/Sturmi77/correlcore/pull/954#discussion_r4053335840,Inline,backend/app/services/marker_tag_backfill_service.py,AUD-13,"PR-Kontext, Einzelprüfung A11 offen",PRRT_kwDOSH3SD86j_38w,true,offen – Fix/Regressionstest prüfen,,,"<!-- CURSOR_AUTOMATION_ID: 8040bfce-1dbd-47b2-9b9d-3569b54c343f | RUN_ID: bc-8aee5a4e-a3f0-4c35-996a-900ae3872442 --> Risk focus (049 upgrade path, new in `2e8a7f8f`): `load_only`",PR#954:historical-inline,historischer Inline-Kontext; in AUD-13 / A04/A06 übertragen,https://github.com/Sturmi77/correlcore/pull/990 | https://github.com/Sturmi77/correlcore/issues/979 | https://github.com/Sturmi77/correlcore/pull/993 | https://github.com/Sturmi77/correlcore/issues/980 | https://github.com/Sturmi77/correlcore/pull/994
954,https://github.com/Sturmi77/correlcore/pull/954#discussion_r4053335842,Inline,backend/app/services/tag_service.py,AUD-13,"PR-Kontext, Einzelprüfung A11 offen",PRRT_kwDOSH3SD86j_38y,true,offen – Fix/Regressionstest prüfen,,,"<!-- CURSOR_AUTOMATION_ID: 8040bfce-1dbd-47b2-9b9d-3569b54c343f | RUN_ID: bc-8aee5a4e-a3f0-4c35-996a-900ae3872442 --> Risk focus (permission query shape, new in `2e8a7f8f`): `list_",PR#954:historical-inline,historischer Inline-Kontext; in AUD-13 / A04/A06 übertragen,https://github.com/Sturmi77/correlcore/pull/990 | https://github.com/Sturmi77/correlcore/issues/979 | https://github.com/Sturmi77/correlcore/pull/993 | https://github.com/Sturmi77/correlcore/issues/980 | https://github.com/Sturmi77/correlcore/pull/994
954,https://github.com/Sturmi77/correlcore/pull/954#discussion_r4056303655,Inline,backend/migrations/versions/054_trend_window_days.py,AUD-13,"PR-Kontext, Einzelprüfung A11 offen",PRRT_kwDOSH3SD86j_38r,true,offen – Fix/Regressionstest prüfen,,,"Geprüft — die Migration tut bereits, was hier eingefordert wird. `op.add_column` mit `nullable=False` **und** `server_default=sa.text(""28"")` ist ein einziges `ALTER TABLE ... ADD C",PR#954:historical-inline,historischer Inline-Kontext; in AUD-13 / A04/A06 übertragen,https://github.com/Sturmi77/correlcore/pull/990 | https://github.com/Sturmi77/correlcore/issues/979 | https://github.com/Sturmi77/correlcore/pull/993 | https://github.com/Sturmi77/correlcore/issues/980 | https://github.com/Sturmi77/correlcore/pull/994
954,https://github.com/Sturmi77/correlcore/pull/954#pullrequestreview-5259789310,Review/Antwort,,AUD-13,"PR-Kontext, Einzelprüfung A11 offen",,unbekannt/nicht anwendbar,offen – Fix/Regressionstest prüfen,,,,PR#954:review-summary,gebündelte Review-Zusammenfassung; technische Inline-Punkte separat dispositioniert,https://github.com/Sturmi77/correlcore/pull/954#pullrequestreview-5259789310 | AUD-13 -> A04/A06 | https://github.com/Sturmi77/correlcore/issues/979 | https://github.com/Sturmi77/correlcore/pull/993 | https://github.com/Sturmi77/correlcore/issues/980 | https://github.com/Sturmi77/correlcore/pull/994
954,https://github.com/Sturmi77/correlcore/pull/954#discussion_r4056303972,Inline,backend/app/services/multivariate_analytics.py,AUD-13,"PR-Kontext, Einzelprüfung A11 offen",PRRT_kwDOSH3SD86j_38s,true,offen – Fix/Regressionstest prüfen,,,"Hier lag ein echter Bug — behoben in `2bb5b85`. **Empty-Side-Handling** war korrekt (`None` bei leerer Seite, `< 4` Zeilen, `nunique < 2`). **Der Nenner war es nicht.** Nicht-Schla",PR#954:historical-inline,historischer Inline-Kontext; in AUD-13 / A04/A06 übertragen,https://github.com/Sturmi77/correlcore/pull/990 | https://github.com/Sturmi77/correlcore/issues/979 | https://github.com/Sturmi77/correlcore/pull/993 | https://github.com/Sturmi77/correlcore/issues/980 | https://github.com/Sturmi77/correlcore/pull/994
954,https://github.com/Sturmi77/correlcore/pull/954#pullrequestreview-5259789637,Review/Antwort,,AUD-13,"PR-Kontext, Einzelprüfung A11 offen",,unbekannt/nicht anwendbar,offen – Fix/Regressionstest prüfen,,,,PR#954:review-summary,gebündelte Review-Zusammenfassung; technische Inline-Punkte separat dispositioniert,https://github.com/Sturmi77/correlcore/pull/954#pullrequestreview-5259789637 | AUD-13 -> A04/A06 | https://github.com/Sturmi77/correlcore/issues/979 | https://github.com/Sturmi77/correlcore/pull/993 | https://github.com/Sturmi77/correlcore/issues/980 | https://github.com/Sturmi77/correlcore/pull/994
954,https://github.com/Sturmi77/correlcore/pull/954#discussion_r4056304281,Inline,apps/web/src/lib/stores/analysisRange.ts,AUD-13,"PR-Kontext, Einzelprüfung A11 offen",PRRT_kwDOSH3SD86j_38t,true,offen – Fix/Regressionstest prüfen,,,"Beides ist so beabsichtigt und im Code explizit. **Server gewinnt — absichtlich.** `hydrateFromServer` ruft `persist()`, weil die Server-Preference die kanonische Quelle ist und de",PR#954:historical-inline,historischer Inline-Kontext; in AUD-13 / A04/A06 übertragen,https://github.com/Sturmi77/correlcore/pull/990 | https://github.com/Sturmi77/correlcore/issues/979 | https://github.com/Sturmi77/correlcore/pull/993 | https://github.com/Sturmi77/correlcore/issues/980 | https://github.com/Sturmi77/correlcore/pull/994
954,https://github.com/Sturmi77/correlcore/pull/954#pullrequestreview-5259789919,Review/Antwort,,AUD-13,"PR-Kontext, Einzelprüfung A11 offen",,unbekannt/nicht anwendbar,offen – Fix/Regressionstest prüfen,,,,PR#954:review-summary,gebündelte Review-Zusammenfassung; technische Inline-Punkte separat dispositioniert,https://github.com/Sturmi77/correlcore/pull/954#pullrequestreview-5259789919 | AUD-13 -> A04/A06 | https://github.com/Sturmi77/correlcore/issues/979 | https://github.com/Sturmi77/correlcore/pull/993 | https://github.com/Sturmi77/correlcore/issues/980 | https://github.com/Sturmi77/correlcore/pull/994
954,https://github.com/Sturmi77/correlcore/pull/954#discussion_r4056304611,Inline,apps/web/src/routes/trends/+page.svelte,AUD-13,"PR-Kontext, Einzelprüfung A11 offen",PRRT_kwDOSH3SD86j_38v,true,offen – Fix/Regressionstest prüfen,,,"Die Reihenfolge ist mathematisch irrelevant. `smoothTimeseriesPoints` ist ein gleitender Mittelwert, also ein **linearer, zeitinvarianter** Operator, und `applySleepZeitversatz` is",PR#954:historical-inline,historischer Inline-Kontext; in AUD-13 / A04/A06 übertragen,https://github.com/Sturmi77/correlcore/pull/990 | https://github.com/Sturmi77/correlcore/issues/979 | https://github.com/Sturmi77/correlcore/pull/993 | https://github.com/Sturmi77/correlcore/issues/980 | https://github.com/Sturmi77/correlcore/pull/994
954,https://github.com/Sturmi77/correlcore/pull/954#pullrequestreview-5259790290,Review/Antwort,,AUD-13,"PR-Kontext, Einzelprüfung A11 offen",,unbekannt/nicht anwendbar,offen – Fix/Regressionstest prüfen,,,,PR#954:review-summary,gebündelte Review-Zusammenfassung; technische Inline-Punkte separat dispositioniert,https://github.com/Sturmi77/correlcore/pull/954#pullrequestreview-5259790290 | AUD-13 -> A04/A06 | https://github.com/Sturmi77/correlcore/issues/979 | https://github.com/Sturmi77/correlcore/pull/993 | https://github.com/Sturmi77/correlcore/issues/980 | https://github.com/Sturmi77/correlcore/pull/994
954,https://github.com/Sturmi77/correlcore/pull/954#discussion_r4056305333,Inline,backend/app/services/timezone_utils.py,AUD-13,"PR-Kontext, Einzelprüfung A11 offen",PRRT_kwDOSH3SD86kHc5Y,true,offen – Fix/Regressionstest prüfen,,,## CodeQL / Polynomial regular expression used on uncontrolled data This [regular expression](1) that depends on a [user-provided value](2) may run slow on strings with many repeti,PR#954:historical-inline,historischer Inline-Kontext; in AUD-13 / A04/A06 übertragen,https://github.com/Sturmi77/correlcore/pull/990 | https://github.com/Sturmi77/correlcore/issues/979 | https://github.com/Sturmi77/correlcore/pull/993 | https://github.com/Sturmi77/correlcore/issues/980 | https://github.com/Sturmi77/correlcore/pull/994
954,https://github.com/Sturmi77/correlcore/pull/954#pullrequestreview-5259790975,Review/Antwort,,AUD-13,"PR-Kontext, Einzelprüfung A11 offen",,unbekannt/nicht anwendbar,offen – Fix/Regressionstest prüfen,,,,PR#954:review-summary,gebündelte Review-Zusammenfassung; technische Inline-Punkte separat dispositioniert,https://github.com/Sturmi77/correlcore/pull/954#pullrequestreview-5259790975 | AUD-13 -> A04/A06 | https://github.com/Sturmi77/correlcore/issues/979 | https://github.com/Sturmi77/correlcore/pull/993 | https://github.com/Sturmi77/correlcore/issues/980 | https://github.com/Sturmi77/correlcore/pull/994
954,https://github.com/Sturmi77/correlcore/pull/954#discussion_r4056306918,Inline,backend/migrations/versions/054_trend_window_days.py,AUD-13,"PR-Kontext, Einzelprüfung A11 offen",PRRT_kwDOSH3SD86kHdJA,true,offen – Fix/Regressionstest prüfen,,,<!-- CURSOR_AUTOMATION_ID: 8040bfce-1dbd-47b2-9b9d-3569b54c343f | RUN_ID: bc-b1d6b9f2-21de-4549-8a33-0d69bb64e0a4 --> Risk focus (data model): still not a Very Low additive migrati,PR#954:historical-inline,historischer Inline-Kontext; in AUD-13 / A04/A06 übertragen,https://github.com/Sturmi77/correlcore/pull/990 | https://github.com/Sturmi77/correlcore/issues/979 | https://github.com/Sturmi77/correlcore/pull/993 | https://github.com/Sturmi77/correlcore/issues/980 | https://github.com/Sturmi77/correlcore/pull/994
954,https://github.com/Sturmi77/correlcore/pull/954#discussion_r4056306921,Inline,backend/app/services/multivariate_analytics.py,AUD-13,"PR-Kontext, Einzelprüfung A11 offen",PRRT_kwDOSH3SD86kHdJC,true,offen – Fix/Regressionstest prüfen,,,<!-- CURSOR_AUTOMATION_ID: 8040bfce-1dbd-47b2-9b9d-3569b54c343f | RUN_ID: bc-b1d6b9f2-21de-4549-8a33-0d69bb64e0a4 --> Risk focus (analytics worker): the extra per-finding `build_la,PR#954:historical-inline,historischer Inline-Kontext; in AUD-13 / A04/A06 übertragen,https://github.com/Sturmi77/correlcore/pull/990 | https://github.com/Sturmi77/correlcore/issues/979 | https://github.com/Sturmi77/correlcore/pull/993 | https://github.com/Sturmi77/correlcore/issues/980 | https://github.com/Sturmi77/correlcore/pull/994
954,https://github.com/Sturmi77/correlcore/pull/954#discussion_r4056306922,Inline,apps/web/src/lib/stores/analysisRange.ts,AUD-13,"PR-Kontext, Einzelprüfung A11 offen",PRRT_kwDOSH3SD86kHdJD,true,offen – Fix/Regressionstest prüfen,,,<!-- CURSOR_AUTOMATION_ID: 8040bfce-1dbd-47b2-9b9d-3569b54c343f | RUN_ID: bc-b1d6b9f2-21de-4549-8a33-0d69bb64e0a4 --> Risk focus (shared client state): `analysisRange` is `TrendWin,PR#954:historical-inline,historischer Inline-Kontext; in AUD-13 / A04/A06 übertragen,https://github.com/Sturmi77/correlcore/pull/990 | https://github.com/Sturmi77/correlcore/issues/979 | https://github.com/Sturmi77/correlcore/pull/993 | https://github.com/Sturmi77/correlcore/issues/980 | https://github.com/Sturmi77/correlcore/pull/994
954,https://github.com/Sturmi77/correlcore/pull/954#discussion_r4056306923,Inline,apps/web/src/routes/trends/+page.svelte,AUD-13,"PR-Kontext, Einzelprüfung A11 offen",PRRT_kwDOSH3SD86kHdJE,true,offen – Fix/Regressionstest prüfen,,,<!-- CURSOR_AUTOMATION_ID: 8040bfce-1dbd-47b2-9b9d-3569b54c343f | RUN_ID: bc-b1d6b9f2-21de-4549-8a33-0d69bb64e0a4 --> Risk focus (Compare): Zeitversatz is still applied **after** s,PR#954:historical-inline,historischer Inline-Kontext; in AUD-13 / A04/A06 übertragen,https://github.com/Sturmi77/correlcore/pull/990 | https://github.com/Sturmi77/correlcore/issues/979 | https://github.com/Sturmi77/correlcore/pull/993 | https://github.com/Sturmi77/correlcore/issues/980 | https://github.com/Sturmi77/correlcore/pull/994
954,https://github.com/Sturmi77/correlcore/pull/954#discussion_r4056306925,Inline,backend/app/services/marker_tag_backfill_service.py,AUD-13,"PR-Kontext, Einzelprüfung A11 offen",PRRT_kwDOSH3SD86kHdJG,true,offen – Fix/Regressionstest prüfen,,,<!-- CURSOR_AUTOMATION_ID: 8040bfce-1dbd-47b2-9b9d-3569b54c343f | RUN_ID: bc-b1d6b9f2-21de-4549-8a33-0d69bb64e0a4 --> Risk focus (049 upgrade path): `load_only` whitelist is now st,PR#954:historical-inline,historischer Inline-Kontext; in AUD-13 / A04/A06 übertragen,https://github.com/Sturmi77/correlcore/pull/990 | https://github.com/Sturmi77/correlcore/issues/979 | https://github.com/Sturmi77/correlcore/pull/993 | https://github.com/Sturmi77/correlcore/issues/980 | https://github.com/Sturmi77/correlcore/pull/994
954,https://github.com/Sturmi77/correlcore/pull/954#discussion_r4056306926,Inline,backend/app/services/tag_service.py,AUD-13,"PR-Kontext, Einzelprüfung A11 offen",PRRT_kwDOSH3SD86kHdJH,true,offen – Fix/Regressionstest prüfen,,,<!-- CURSOR_AUTOMATION_ID: 8040bfce-1dbd-47b2-9b9d-3569b54c343f | RUN_ID: bc-b1d6b9f2-21de-4549-8a33-0d69bb64e0a4 --> Risk focus (permission query shape): `list_tags_for_entry` sti,PR#954:historical-inline,historischer Inline-Kontext; in AUD-13 / A04/A06 übertragen,https://github.com/Sturmi77/correlcore/pull/990 | https://github.com/Sturmi77/correlcore/issues/979 | https://github.com/Sturmi77/correlcore/pull/993 | https://github.com/Sturmi77/correlcore/issues/980 | https://github.com/Sturmi77/correlcore/pull/994
954,https://github.com/Sturmi77/correlcore/pull/954#pullrequestreview-5259792678,Review/Antwort,,AUD-13,"PR-Kontext, Einzelprüfung A11 offen",,unbekannt/nicht anwendbar,offen – Fix/Regressionstest prüfen,,,<details> <summary>Stale comment</summary> <blockquote> ## Risk assessment: **Medium-High** (unchanged) Re-evaluated after `2bb5b853` (honest lag evidence). Derived from the curren,PR#954:review-summary,gebündelte Review-Zusammenfassung; technische Inline-Punkte separat dispositioniert,https://github.com/Sturmi77/correlcore/pull/954#pullrequestreview-5259792678 | AUD-13 -> A04/A06 | https://github.com/Sturmi77/correlcore/issues/979 | https://github.com/Sturmi77/correlcore/pull/993 | https://github.com/Sturmi77/correlcore/issues/980 | https://github.com/Sturmi77/correlcore/pull/994
954,https://github.com/Sturmi77/correlcore/pull/954#discussion_r4056309238,Inline,apps/web/src/routes/trends/+page.svelte,AUD-13,"PR-Kontext, Einzelprüfung A11 offen",PRRT_kwDOSH3SD86j_38v,true,offen – Fix/Regressionstest prüfen,,,"Die Reihenfolge ist mathematisch irrelevant. `smoothTimeseriesPoints` ist ein gleitender Mittelwert, also ein **linearer, zeitinvarianter** Operator, und `applySleepZeitversatz` is",PR#954:historical-inline,historischer Inline-Kontext; in AUD-13 / A04/A06 übertragen,https://github.com/Sturmi77/correlcore/pull/990 | https://github.com/Sturmi77/correlcore/issues/979 | https://github.com/Sturmi77/correlcore/pull/993 | https://github.com/Sturmi77/correlcore/issues/980 | https://github.com/Sturmi77/correlcore/pull/994
954,https://github.com/Sturmi77/correlcore/pull/954#pullrequestreview-5259794940,Review/Antwort,,AUD-13,"PR-Kontext, Einzelprüfung A11 offen",,unbekannt/nicht anwendbar,offen – Fix/Regressionstest prüfen,,,,PR#954:review-summary,gebündelte Review-Zusammenfassung; technische Inline-Punkte separat dispositioniert,https://github.com/Sturmi77/correlcore/pull/954#pullrequestreview-5259794940 | AUD-13 -> A04/A06 | https://github.com/Sturmi77/correlcore/issues/979 | https://github.com/Sturmi77/correlcore/pull/993 | https://github.com/Sturmi77/correlcore/issues/980 | https://github.com/Sturmi77/correlcore/pull/994
954,https://github.com/Sturmi77/correlcore/pull/954#discussion_r4056309532,Inline,backend/app/services/marker_tag_backfill_service.py,AUD-13,"PR-Kontext, Einzelprüfung A11 offen",PRRT_kwDOSH3SD86j_38w,true,offen – Fix/Regressionstest prüfen,,,"Geprüft und zusätzlich abgesichert — `2bb5b85`. **Die Whitelist deckt sich mit dem, was der Revision-Log liest.** Feld für Feld gegen `_entry_payload_from_model(..., for_revision_l",PR#954:historical-inline,historischer Inline-Kontext; in AUD-13 / A04/A06 übertragen,https://github.com/Sturmi77/correlcore/pull/990 | https://github.com/Sturmi77/correlcore/issues/979 | https://github.com/Sturmi77/correlcore/pull/993 | https://github.com/Sturmi77/correlcore/issues/980 | https://github.com/Sturmi77/correlcore/pull/994
954,https://github.com/Sturmi77/correlcore/pull/954#pullrequestreview-5259795242,Review/Antwort,,AUD-13,"PR-Kontext, Einzelprüfung A11 offen",,unbekannt/nicht anwendbar,offen – Fix/Regressionstest prüfen,,,,PR#954:review-summary,gebündelte Review-Zusammenfassung; technische Inline-Punkte separat dispositioniert,https://github.com/Sturmi77/correlcore/pull/954#pullrequestreview-5259795242 | AUD-13 -> A04/A06 | https://github.com/Sturmi77/correlcore/issues/979 | https://github.com/Sturmi77/correlcore/pull/993 | https://github.com/Sturmi77/correlcore/issues/980 | https://github.com/Sturmi77/correlcore/pull/994
954,https://github.com/Sturmi77/correlcore/pull/954#discussion_r4056309770,Inline,backend/app/services/tag_service.py,AUD-13,"PR-Kontext, Einzelprüfung A11 offen",PRRT_kwDOSH3SD86j_38y,true,offen – Fix/Regressionstest prüfen,,,"Geprüft — die Umstellung ändert nicht, wer was lesen darf. **Prädikat identisch.** `_require_owned_entry` filtert auf dieselben zwei Bedingungen (`Entry.id == entry_id`, `Entry.use",PR#954:historical-inline,historischer Inline-Kontext; in AUD-13 / A04/A06 übertragen,https://github.com/Sturmi77/correlcore/pull/990 | https://github.com/Sturmi77/correlcore/issues/979 | https://github.com/Sturmi77/correlcore/pull/993 | https://github.com/Sturmi77/correlcore/issues/980 | https://github.com/Sturmi77/correlcore/pull/994
954,https://github.com/Sturmi77/correlcore/pull/954#pullrequestreview-5259795519,Review/Antwort,,AUD-13,"PR-Kontext, Einzelprüfung A11 offen",,unbekannt/nicht anwendbar,offen – Fix/Regressionstest prüfen,,,,PR#954:review-summary,gebündelte Review-Zusammenfassung; technische Inline-Punkte separat dispositioniert,https://github.com/Sturmi77/correlcore/pull/954#pullrequestreview-5259795519 | AUD-13 -> A04/A06 | https://github.com/Sturmi77/correlcore/issues/979 | https://github.com/Sturmi77/correlcore/pull/993 | https://github.com/Sturmi77/correlcore/issues/980 | https://github.com/Sturmi77/correlcore/pull/994
954,https://github.com/Sturmi77/correlcore/pull/954#discussion_r4056310058,Inline,backend/app/services/timezone_utils.py,AUD-13,"PR-Kontext, Einzelprüfung A11 offen",PRRT_kwDOSH3SD86j_kOx,false,offen – Fix/Regressionstest prüfen,,,"Berechtigt — der Alert stand noch, obwohl `6facacdc` die Zeile schon sanitisiert hatte. Grund: dort wurde mit `re.sub` über die unsicheren Zeichen ersetzt, und **`re.sub` wird von",PR#954:historical-inline,historischer Inline-Kontext; in AUD-13 / A04/A06 übertragen,https://github.com/Sturmi77/correlcore/pull/990 | https://github.com/Sturmi77/correlcore/issues/979 | https://github.com/Sturmi77/correlcore/pull/993 | https://github.com/Sturmi77/correlcore/issues/980 | https://github.com/Sturmi77/correlcore/pull/994
954,https://github.com/Sturmi77/correlcore/pull/954#pullrequestreview-5259795816,Review/Antwort,,AUD-13,"PR-Kontext, Einzelprüfung A11 offen",,unbekannt/nicht anwendbar,offen – Fix/Regressionstest prüfen,,,,PR#954:review-summary,gebündelte Review-Zusammenfassung; technische Inline-Punkte separat dispositioniert,https://github.com/Sturmi77/correlcore/pull/954#pullrequestreview-5259795816 | AUD-13 -> A04/A06 | https://github.com/Sturmi77/correlcore/issues/979 | https://github.com/Sturmi77/correlcore/pull/993 | https://github.com/Sturmi77/correlcore/issues/980 | https://github.com/Sturmi77/correlcore/pull/994
954,https://github.com/Sturmi77/correlcore/pull/954#discussion_r4056310268,Inline,backend/app/services/timezone_utils.py,AUD-13,"PR-Kontext, Einzelprüfung A11 offen",PRRT_kwDOSH3SD86kHc5Y,true,offen – Fix/Regressionstest prüfen,,,"Korrekt, und das war meine Regression — behoben in `16cdbae`. Der Guard aus `2bb5b85` hat `py/log-injection` geschlossen und sich dabei diesen Alert eingehandelt: ```python _IANA_T",PR#954:historical-inline,historischer Inline-Kontext; in AUD-13 / A04/A06 übertragen,https://github.com/Sturmi77/correlcore/pull/990 | https://github.com/Sturmi77/correlcore/issues/979 | https://github.com/Sturmi77/correlcore/pull/993 | https://github.com/Sturmi77/correlcore/issues/980 | https://github.com/Sturmi77/correlcore/pull/994
954,https://github.com/Sturmi77/correlcore/pull/954#pullrequestreview-5259796026,Review/Antwort,,AUD-13,"PR-Kontext, Einzelprüfung A11 offen",,unbekannt/nicht anwendbar,offen – Fix/Regressionstest prüfen,,,,PR#954:review-summary,gebündelte Review-Zusammenfassung; technische Inline-Punkte separat dispositioniert,https://github.com/Sturmi77/correlcore/pull/954#pullrequestreview-5259796026 | AUD-13 -> A04/A06 | https://github.com/Sturmi77/correlcore/issues/979 | https://github.com/Sturmi77/correlcore/pull/993 | https://github.com/Sturmi77/correlcore/issues/980 | https://github.com/Sturmi77/correlcore/pull/994
954,https://github.com/Sturmi77/correlcore/pull/954#pullrequestreview-5259797072,Review/Antwort,,AUD-13,"PR-Kontext, Einzelprüfung A11 offen",,unbekannt/nicht anwendbar,offen – Fix/Regressionstest prüfen,,,<details> <summary>Stale comment</summary> <blockquote> ## Risk assessment: **Medium-High** (unchanged) Re-evaluated after `16cdbaee` (timezone log-guard ReDoS follow-up). Derived,PR#954:review-summary,gebündelte Review-Zusammenfassung; technische Inline-Punkte separat dispositioniert,https://github.com/Sturmi77/correlcore/pull/954#pullrequestreview-5259797072 | AUD-13 -> A04/A06 | https://github.com/Sturmi77/correlcore/issues/979 | https://github.com/Sturmi77/correlcore/pull/993 | https://github.com/Sturmi77/correlcore/issues/980 | https://github.com/Sturmi77/correlcore/pull/994
954,https://github.com/Sturmi77/correlcore/pull/954#discussion_r4056311319,Inline,backend/migrations/versions/054_trend_window_days.py,AUD-13,"PR-Kontext, Einzelprüfung A11 offen",PRRT_kwDOSH3SD86kHd4r,true,offen – Fix/Regressionstest prüfen,,,<!-- CURSOR_AUTOMATION_ID: 8040bfce-1dbd-47b2-9b9d-3569b54c343f | RUN_ID: bc-738fa9a0-be4d-4146-b23d-8baf39f752af --> Risk focus (data model): still not a Very Low additive migrati,PR#954:historical-inline,historischer Inline-Kontext; in AUD-13 / A04/A06 übertragen,https://github.com/Sturmi77/correlcore/pull/990 | https://github.com/Sturmi77/correlcore/issues/979 | https://github.com/Sturmi77/correlcore/pull/993 | https://github.com/Sturmi77/correlcore/issues/980 | https://github.com/Sturmi77/correlcore/pull/994
954,https://github.com/Sturmi77/correlcore/pull/954#discussion_r4056311322,Inline,backend/app/services/multivariate_analytics.py,AUD-13,"PR-Kontext, Einzelprüfung A11 offen",PRRT_kwDOSH3SD86kHd4s,true,offen – Fix/Regressionstest prüfen,,,<!-- CURSOR_AUTOMATION_ID: 8040bfce-1dbd-47b2-9b9d-3569b54c343f | RUN_ID: bc-738fa9a0-be4d-4146-b23d-8baf39f752af --> Risk focus (analytics worker): the extra per-finding `build_la,PR#954:historical-inline,historischer Inline-Kontext; in AUD-13 / A04/A06 übertragen,https://github.com/Sturmi77/correlcore/pull/990 | https://github.com/Sturmi77/correlcore/issues/979 | https://github.com/Sturmi77/correlcore/pull/993 | https://github.com/Sturmi77/correlcore/issues/980 | https://github.com/Sturmi77/correlcore/pull/994
954,https://github.com/Sturmi77/correlcore/pull/954#discussion_r4056311325,Inline,apps/web/src/lib/stores/analysisRange.ts,AUD-13,"PR-Kontext, Einzelprüfung A11 offen",PRRT_kwDOSH3SD86kHd4t,true,offen – Fix/Regressionstest prüfen,,,<!-- CURSOR_AUTOMATION_ID: 8040bfce-1dbd-47b2-9b9d-3569b54c343f | RUN_ID: bc-738fa9a0-be4d-4146-b23d-8baf39f752af --> Risk focus (shared client state): `analysisRange` is `TrendWin,PR#954:historical-inline,historischer Inline-Kontext; in AUD-13 / A04/A06 übertragen,https://github.com/Sturmi77/correlcore/pull/990 | https://github.com/Sturmi77/correlcore/issues/979 | https://github.com/Sturmi77/correlcore/pull/993 | https://github.com/Sturmi77/correlcore/issues/980 | https://github.com/Sturmi77/correlcore/pull/994
954,https://github.com/Sturmi77/correlcore/pull/954#discussion_r4056311327,Inline,apps/web/src/routes/trends/+page.svelte,AUD-13,"PR-Kontext, Einzelprüfung A11 offen",PRRT_kwDOSH3SD86kHd4v,true,offen – Fix/Regressionstest prüfen,,,<!-- CURSOR_AUTOMATION_ID: 8040bfce-1dbd-47b2-9b9d-3569b54c343f | RUN_ID: bc-738fa9a0-be4d-4146-b23d-8baf39f752af --> Risk focus (Compare): Zeitversatz is still applied **after** s,PR#954:historical-inline,historischer Inline-Kontext; in AUD-13 / A04/A06 übertragen,https://github.com/Sturmi77/correlcore/pull/990 | https://github.com/Sturmi77/correlcore/issues/979 | https://github.com/Sturmi77/correlcore/pull/993 | https://github.com/Sturmi77/correlcore/issues/980 | https://github.com/Sturmi77/correlcore/pull/994
954,https://github.com/Sturmi77/correlcore/pull/954#discussion_r4056311328,Inline,backend/app/services/marker_tag_backfill_service.py,AUD-13,"PR-Kontext, Einzelprüfung A11 offen",PRRT_kwDOSH3SD86kHd4w,true,offen – Fix/Regressionstest prüfen,,,<!-- CURSOR_AUTOMATION_ID: 8040bfce-1dbd-47b2-9b9d-3569b54c343f | RUN_ID: bc-738fa9a0-be4d-4146-b23d-8baf39f752af --> Risk focus (049 upgrade path): `load_only` whitelist is struct,PR#954:historical-inline,historischer Inline-Kontext; in AUD-13 / A04/A06 übertragen,https://github.com/Sturmi77/correlcore/pull/990 | https://github.com/Sturmi77/correlcore/issues/979 | https://github.com/Sturmi77/correlcore/pull/993 | https://github.com/Sturmi77/correlcore/issues/980 | https://github.com/Sturmi77/correlcore/pull/994
954,https://github.com/Sturmi77/correlcore/pull/954#discussion_r4056311330,Inline,backend/app/services/tag_service.py,AUD-13,"PR-Kontext, Einzelprüfung A11 offen",PRRT_kwDOSH3SD86kHd4y,true,offen – Fix/Regressionstest prüfen,,,<!-- CURSOR_AUTOMATION_ID: 8040bfce-1dbd-47b2-9b9d-3569b54c343f | RUN_ID: bc-738fa9a0-be4d-4146-b23d-8baf39f752af --> Risk focus (permission query shape): `list_tags_for_entry` sti,PR#954:historical-inline,historischer Inline-Kontext; in AUD-13 / A04/A06 übertragen,https://github.com/Sturmi77/correlcore/pull/990 | https://github.com/Sturmi77/correlcore/issues/979 | https://github.com/Sturmi77/correlcore/pull/993 | https://github.com/Sturmi77/correlcore/issues/980 | https://github.com/Sturmi77/correlcore/pull/994
954,https://github.com/Sturmi77/correlcore/pull/954#discussion_r4056330252,Inline,backend/app/services/multivariate_analytics.py,AUD-13,"PR-Kontext, Einzelprüfung A11 offen",PRRT_kwDOSH3SD86kHd4s,true,offen – Fix/Regressionstest prüfen,,,Der Hinweis zum `good_direction`-Default war berechtigt und hat einen echten Bug aufgedeckt — behoben in `a7cb37d`. `goodDirection: payload.good_direction === 'lte' ? 'lte' : 'gte',PR#954:historical-inline,historischer Inline-Kontext; in AUD-13 / A04/A06 übertragen,https://github.com/Sturmi77/correlcore/pull/990 | https://github.com/Sturmi77/correlcore/issues/979 | https://github.com/Sturmi77/correlcore/pull/993 | https://github.com/Sturmi77/correlcore/issues/980 | https://github.com/Sturmi77/correlcore/pull/994
954,https://github.com/Sturmi77/correlcore/pull/954#pullrequestreview-5259817749,Review/Antwort,,AUD-13,"PR-Kontext, Einzelprüfung A11 offen",,unbekannt/nicht anwendbar,offen – Fix/Regressionstest prüfen,,,,PR#954:review-summary,gebündelte Review-Zusammenfassung; technische Inline-Punkte separat dispositioniert,https://github.com/Sturmi77/correlcore/pull/954#pullrequestreview-5259817749 | AUD-13 -> A04/A06 | https://github.com/Sturmi77/correlcore/issues/979 | https://github.com/Sturmi77/correlcore/pull/993 | https://github.com/Sturmi77/correlcore/issues/980 | https://github.com/Sturmi77/correlcore/pull/994
954,https://github.com/Sturmi77/correlcore/pull/954#discussion_r4056332702,Inline,backend/migrations/versions/054_trend_window_days.py,AUD-13,"PR-Kontext, Einzelprüfung A11 offen",PRRT_kwDOSH3SD86kHhX9,true,offen – Fix/Regressionstest prüfen,,,<!-- CURSOR_AUTOMATION_ID: 8040bfce-1dbd-47b2-9b9d-3569b54c343f | RUN_ID: bc-a209e7ab-c317-4e38-8252-61e1395eda93 --> Risk focus (data model): still not a Very Low additive migrati,PR#954:historical-inline,historischer Inline-Kontext; in AUD-13 / A04/A06 übertragen,https://github.com/Sturmi77/correlcore/pull/990 | https://github.com/Sturmi77/correlcore/issues/979 | https://github.com/Sturmi77/correlcore/pull/993 | https://github.com/Sturmi77/correlcore/issues/980 | https://github.com/Sturmi77/correlcore/pull/994
954,https://github.com/Sturmi77/correlcore/pull/954#discussion_r4056332707,Inline,backend/app/services/multivariate_analytics.py,AUD-13,"PR-Kontext, Einzelprüfung A11 offen",PRRT_kwDOSH3SD86kHhYA,true,offen – Fix/Regressionstest prüfen,,,<!-- CURSOR_AUTOMATION_ID: 8040bfce-1dbd-47b2-9b9d-3569b54c343f | RUN_ID: bc-a209e7ab-c317-4e38-8252-61e1395eda93 --> Risk focus (analytics worker): the extra per-finding `build_la,PR#954:historical-inline,historischer Inline-Kontext; in AUD-13 / A04/A06 übertragen,https://github.com/Sturmi77/correlcore/pull/990 | https://github.com/Sturmi77/correlcore/issues/979 | https://github.com/Sturmi77/correlcore/pull/993 | https://github.com/Sturmi77/correlcore/issues/980 | https://github.com/Sturmi77/correlcore/pull/994
954,https://github.com/Sturmi77/correlcore/pull/954#discussion_r4056332710,Inline,apps/web/src/lib/utils/lagInsight.ts,AUD-13,"PR-Kontext, Einzelprüfung A11 offen",PRRT_kwDOSH3SD86kHhYC,true,offen – Fix/Regressionstest prüfen,,,<!-- CURSOR_AUTOMATION_ID: 8040bfce-1dbd-47b2-9b9d-3569b54c343f | RUN_ID: bc-a209e7ab-c317-4e38-8252-61e1395eda93 --> Risk focus (legacy lag copy): `a7cb37de` no longer defaults a,PR#954:historical-inline,historischer Inline-Kontext; in AUD-13 / A04/A06 übertragen,https://github.com/Sturmi77/correlcore/pull/990 | https://github.com/Sturmi77/correlcore/issues/979 | https://github.com/Sturmi77/correlcore/pull/993 | https://github.com/Sturmi77/correlcore/issues/980 | https://github.com/Sturmi77/correlcore/pull/994
954,https://github.com/Sturmi77/correlcore/pull/954#discussion_r4056332713,Inline,apps/web/src/lib/stores/analysisRange.ts,AUD-13,"PR-Kontext, Einzelprüfung A11 offen",PRRT_kwDOSH3SD86kHhYE,true,offen – Fix/Regressionstest prüfen,,,<!-- CURSOR_AUTOMATION_ID: 8040bfce-1dbd-47b2-9b9d-3569b54c343f | RUN_ID: bc-a209e7ab-c317-4e38-8252-61e1395eda93 --> Risk focus (shared client state): `analysisRange` is `TrendWin,PR#954:historical-inline,historischer Inline-Kontext; in AUD-13 / A04/A06 übertragen,https://github.com/Sturmi77/correlcore/pull/990 | https://github.com/Sturmi77/correlcore/issues/979 | https://github.com/Sturmi77/correlcore/pull/993 | https://github.com/Sturmi77/correlcore/issues/980 | https://github.com/Sturmi77/correlcore/pull/994
954,https://github.com/Sturmi77/correlcore/pull/954#discussion_r4056332716,Inline,apps/web/src/routes/trends/+page.svelte,AUD-13,"PR-Kontext, Einzelprüfung A11 offen",PRRT_kwDOSH3SD86kHhYH,true,offen – Fix/Regressionstest prüfen,,,<!-- CURSOR_AUTOMATION_ID: 8040bfce-1dbd-47b2-9b9d-3569b54c343f | RUN_ID: bc-a209e7ab-c317-4e38-8252-61e1395eda93 --> Risk focus (Compare): Zeitversatz is still applied **after** s,PR#954:historical-inline,historischer Inline-Kontext; in AUD-13 / A04/A06 übertragen,https://github.com/Sturmi77/correlcore/pull/990 | https://github.com/Sturmi77/correlcore/issues/979 | https://github.com/Sturmi77/correlcore/pull/993 | https://github.com/Sturmi77/correlcore/issues/980 | https://github.com/Sturmi77/correlcore/pull/994
954,https://github.com/Sturmi77/correlcore/pull/954#discussion_r4056332717,Inline,backend/app/services/marker_tag_backfill_service.py,AUD-13,"PR-Kontext, Einzelprüfung A11 offen",PRRT_kwDOSH3SD86kHhYI,true,offen – Fix/Regressionstest prüfen,,,<!-- CURSOR_AUTOMATION_ID: 8040bfce-1dbd-47b2-9b9d-3569b54c343f | RUN_ID: bc-a209e7ab-c317-4e38-8252-61e1395eda93 --> Risk focus (049 upgrade path): `load_only` whitelist is struct,PR#954:historical-inline,historischer Inline-Kontext; in AUD-13 / A04/A06 übertragen,https://github.com/Sturmi77/correlcore/pull/990 | https://github.com/Sturmi77/correlcore/issues/979 | https://github.com/Sturmi77/correlcore/pull/993 | https://github.com/Sturmi77/correlcore/issues/980 | https://github.com/Sturmi77/correlcore/pull/994
954,https://github.com/Sturmi77/correlcore/pull/954#discussion_r4056332721,Inline,backend/app/services/tag_service.py,AUD-13,"PR-Kontext, Einzelprüfung A11 offen",PRRT_kwDOSH3SD86kHhYL,true,offen – Fix/Regressionstest prüfen,,,<!-- CURSOR_AUTOMATION_ID: 8040bfce-1dbd-47b2-9b9d-3569b54c343f | RUN_ID: bc-a209e7ab-c317-4e38-8252-61e1395eda93 --> Risk focus (permission query shape): `list_tags_for_entry` sti,PR#954:historical-inline,historischer Inline-Kontext; in AUD-13 / A04/A06 übertragen,https://github.com/Sturmi77/correlcore/pull/990 | https://github.com/Sturmi77/correlcore/issues/979 | https://github.com/Sturmi77/correlcore/pull/993 | https://github.com/Sturmi77/correlcore/issues/980 | https://github.com/Sturmi77/correlcore/pull/994
954,https://github.com/Sturmi77/correlcore/pull/954#pullrequestreview-5259820451,Review/Antwort,,AUD-13,"PR-Kontext, Einzelprüfung A11 offen",,unbekannt/nicht anwendbar,offen – Fix/Regressionstest prüfen,,,<details> <summary>Stale comment</summary> <blockquote> ## Risk assessment: **Medium-High** (unchanged) Re-evaluated after `a7cb37de` (legacy `good_direction` UI fallback). Derived,PR#954:review-summary,gebündelte Review-Zusammenfassung; technische Inline-Punkte separat dispositioniert,https://github.com/Sturmi77/correlcore/pull/954#pullrequestreview-5259820451 | AUD-13 -> A04/A06 | https://github.com/Sturmi77/correlcore/issues/979 | https://github.com/Sturmi77/correlcore/pull/993 | https://github.com/Sturmi77/correlcore/issues/980 | https://github.com/Sturmi77/correlcore/pull/994
954,https://github.com/Sturmi77/correlcore/pull/954#discussion_r4056344692,Inline,apps/web/src/lib/utils/lagInsight.ts,AUD-13,"PR-Kontext, Einzelprüfung A11 offen",PRRT_kwDOSH3SD86kHhYC,true,offen – Fix/Regressionstest prüfen,,,"Ja, beabsichtigt — und die Menge ist geschlossen, nicht offen. Ein Median-Split entsteht nur unter `if finding.target.kind == ""metric""` (`multivariate_analytics.py:607`). Die Metri",PR#954:historical-inline,historischer Inline-Kontext; in AUD-13 / A04/A06 übertragen,https://github.com/Sturmi77/correlcore/pull/990 | https://github.com/Sturmi77/correlcore/issues/979 | https://github.com/Sturmi77/correlcore/pull/993 | https://github.com/Sturmi77/correlcore/issues/980 | https://github.com/Sturmi77/correlcore/pull/994
954,https://github.com/Sturmi77/correlcore/pull/954#pullrequestreview-5259831790,Review/Antwort,,AUD-13,"PR-Kontext, Einzelprüfung A11 offen",,unbekannt/nicht anwendbar,offen – Fix/Regressionstest prüfen,,,,PR#954:review-summary,gebündelte Review-Zusammenfassung; technische Inline-Punkte separat dispositioniert,https://github.com/Sturmi77/correlcore/pull/954#pullrequestreview-5259831790 | AUD-13 -> A04/A06 | https://github.com/Sturmi77/correlcore/issues/979 | https://github.com/Sturmi77/correlcore/pull/993 | https://github.com/Sturmi77/correlcore/issues/980 | https://github.com/Sturmi77/correlcore/pull/994
954,https://github.com/Sturmi77/correlcore/pull/954#discussion_r4056345185,Inline,backend/app/services/timezone_utils.py,AUD-13,"PR-Kontext, Einzelprüfung A11 offen",PRRT_kwDOSH3SD86j_kOx,false,offen – Fix/Regressionstest prüfen,,,"**Nachtrag: der Alert hat den Umbau überlebt.** Ich hatte im vorigen Kommentar gesagt, der nächste Scan entscheidet — er hat entschieden, und zwar gegen den Guard. Belege auf `a7cb",PR#954:historical-inline,historischer Inline-Kontext; in AUD-13 / A04/A06 übertragen,https://github.com/Sturmi77/correlcore/pull/990 | https://github.com/Sturmi77/correlcore/issues/979 | https://github.com/Sturmi77/correlcore/pull/993 | https://github.com/Sturmi77/correlcore/issues/980 | https://github.com/Sturmi77/correlcore/pull/994
954,https://github.com/Sturmi77/correlcore/pull/954#pullrequestreview-5259832209,Review/Antwort,,AUD-13,"PR-Kontext, Einzelprüfung A11 offen",,unbekannt/nicht anwendbar,offen – Fix/Regressionstest prüfen,,,,PR#954:review-summary,gebündelte Review-Zusammenfassung; technische Inline-Punkte separat dispositioniert,https://github.com/Sturmi77/correlcore/pull/954#pullrequestreview-5259832209 | AUD-13 -> A04/A06 | https://github.com/Sturmi77/correlcore/issues/979 | https://github.com/Sturmi77/correlcore/pull/993 | https://github.com/Sturmi77/correlcore/issues/980 | https://github.com/Sturmi77/correlcore/pull/994
954,https://github.com/Sturmi77/correlcore/pull/954#discussion_r4056530158,Inline,backend/app/services/stats_service.py,AUD-13,"PR-Kontext, Einzelprüfung A11 offen",PRRT_kwDOSH3SD86kICIP,true,offen – Fix/Regressionstest prüfen,,,"<!-- CURSOR_AUTOMATION_ID: 8040bfce-1dbd-47b2-9b9d-3569b54c343f | RUN_ID: bc-a347e903-c29c-4b2e-b82c-a3d0102267fb --> Risk focus (timeseries contract, new in `e24c95a5`): `days` no",PR#954:historical-inline,historischer Inline-Kontext; in AUD-13 / A04/A06 übertragen,https://github.com/Sturmi77/correlcore/pull/990 | https://github.com/Sturmi77/correlcore/issues/979 | https://github.com/Sturmi77/correlcore/pull/993 | https://github.com/Sturmi77/correlcore/issues/980 | https://github.com/Sturmi77/correlcore/pull/994
954,https://github.com/Sturmi77/correlcore/pull/954#discussion_r4056530162,Inline,backend/app/services/insight_service.py,AUD-13,"PR-Kontext, Einzelprüfung A11 offen",PRRT_kwDOSH3SD86kICIT,true,offen – Fix/Regressionstest prüfen,,,"<!-- CURSOR_AUTOMATION_ID: 8040bfce-1dbd-47b2-9b9d-3569b54c343f | RUN_ID: bc-a347e903-c29c-4b2e-b82c-a3d0102267fb --> Risk focus (analytics opt-out, new in `e24c95a5`): GET-by-id /",PR#954:historical-inline,historischer Inline-Kontext; in AUD-13 / A04/A06 übertragen,https://github.com/Sturmi77/correlcore/pull/990 | https://github.com/Sturmi77/correlcore/issues/979 | https://github.com/Sturmi77/correlcore/pull/993 | https://github.com/Sturmi77/correlcore/issues/980 | https://github.com/Sturmi77/correlcore/pull/994
954,https://github.com/Sturmi77/correlcore/pull/954#discussion_r4056530164,Inline,apps/web/src/lib/utils/insightMatrixExport.ts,AUD-13,"PR-Kontext, Einzelprüfung A11 offen",PRRT_kwDOSH3SD86kICIV,true,offen – Fix/Regressionstest prüfen,,,"<!-- CURSOR_AUTOMATION_ID: 8040bfce-1dbd-47b2-9b9d-3569b54c343f | RUN_ID: bc-a347e903-c29c-4b2e-b82c-a3d0102267fb --> Risk focus (report export, new in `e24c95a5`): CSV/JSON no lon",PR#954:historical-inline,historischer Inline-Kontext; in AUD-13 / A04/A06 übertragen,https://github.com/Sturmi77/correlcore/pull/990 | https://github.com/Sturmi77/correlcore/issues/979 | https://github.com/Sturmi77/correlcore/pull/993 | https://github.com/Sturmi77/correlcore/issues/980 | https://github.com/Sturmi77/correlcore/pull/994
954,https://github.com/Sturmi77/correlcore/pull/954#discussion_r4056530167,Inline,apps/web/src/routes/trends/+page.svelte,AUD-13,"PR-Kontext, Einzelprüfung A11 offen",PRRT_kwDOSH3SD86kICIY,true,offen – Fix/Regressionstest prüfen,,,"<!-- CURSOR_AUTOMATION_ID: 8040bfce-1dbd-47b2-9b9d-3569b54c343f | RUN_ID: bc-a347e903-c29c-4b2e-b82c-a3d0102267fb --> Risk focus (Trends reload guard, new in `4cdb4419`): `loadedWi",PR#954:historical-inline,historischer Inline-Kontext; in AUD-13 / A04/A06 übertragen,https://github.com/Sturmi77/correlcore/pull/990 | https://github.com/Sturmi77/correlcore/issues/979 | https://github.com/Sturmi77/correlcore/pull/993 | https://github.com/Sturmi77/correlcore/issues/980 | https://github.com/Sturmi77/correlcore/pull/994
954,https://github.com/Sturmi77/correlcore/pull/954#pullrequestreview-5260090845,Review/Antwort,,AUD-13,"PR-Kontext, Einzelprüfung A11 offen",,unbekannt/nicht anwendbar,offen – Fix/Regressionstest prüfen,,,<details> <summary>Stale comment</summary> <blockquote> ## Risk assessment: **Medium-High** (unchanged) Re-evaluated after `e24c95a5` (five P1 findings from the closed phase PRs) a,PR#954:review-summary,gebündelte Review-Zusammenfassung; technische Inline-Punkte separat dispositioniert,https://github.com/Sturmi77/correlcore/pull/954#pullrequestreview-5260090845 | AUD-13 -> A04/A06 | https://github.com/Sturmi77/correlcore/issues/979 | https://github.com/Sturmi77/correlcore/pull/993 | https://github.com/Sturmi77/correlcore/issues/980 | https://github.com/Sturmi77/correlcore/pull/994
954,https://github.com/Sturmi77/correlcore/pull/954#discussion_r4056540480,Inline,backend/app/services/insight_service.py,AUD-13,"PR-Kontext, Einzelprüfung A11 offen",PRRT_kwDOSH3SD86kICIT,true,offen – Fix/Regressionstest prüfen,,,"Den Restpunkt habe ich nachgeprüft — **kein Datenleck auf dem Verification-Pfad.** `get_insight_verification` lehnt alles ab, was nicht `subject_type ∈ {tag, symptom}` ist, und bed",PR#954:historical-inline,historischer Inline-Kontext; in AUD-13 / A04/A06 übertragen,https://github.com/Sturmi77/correlcore/pull/990 | https://github.com/Sturmi77/correlcore/issues/979 | https://github.com/Sturmi77/correlcore/pull/993 | https://github.com/Sturmi77/correlcore/issues/980 | https://github.com/Sturmi77/correlcore/pull/994
954,https://github.com/Sturmi77/correlcore/pull/954#pullrequestreview-5260101240,Review/Antwort,,AUD-13,"PR-Kontext, Einzelprüfung A11 offen",,unbekannt/nicht anwendbar,offen – Fix/Regressionstest prüfen,,,,PR#954:review-summary,gebündelte Review-Zusammenfassung; technische Inline-Punkte separat dispositioniert,https://github.com/Sturmi77/correlcore/pull/954#pullrequestreview-5260101240 | AUD-13 -> A04/A06 | https://github.com/Sturmi77/correlcore/issues/979 | https://github.com/Sturmi77/correlcore/pull/993 | https://github.com/Sturmi77/correlcore/issues/980 | https://github.com/Sturmi77/correlcore/pull/994
954,https://github.com/Sturmi77/correlcore/pull/954#discussion_r4056540775,Inline,apps/web/src/routes/trends/+page.svelte,AUD-13,"PR-Kontext, Einzelprüfung A11 offen",PRRT_kwDOSH3SD86kICIY,true,offen – Fix/Regressionstest prüfen,,,"Richtig beobachtet, und es ist die beabsichtigte Seite des Tauschs — jetzt auch im Code festgehalten (`4c7fb1c`). Die Alternative wäre, `loadedWindowDays` im Fehlerfall zurückzuset",PR#954:historical-inline,historischer Inline-Kontext; in AUD-13 / A04/A06 übertragen,https://github.com/Sturmi77/correlcore/pull/990 | https://github.com/Sturmi77/correlcore/issues/979 | https://github.com/Sturmi77/correlcore/pull/993 | https://github.com/Sturmi77/correlcore/issues/980 | https://github.com/Sturmi77/correlcore/pull/994
954,https://github.com/Sturmi77/correlcore/pull/954#pullrequestreview-5260101552,Review/Antwort,,AUD-13,"PR-Kontext, Einzelprüfung A11 offen",,unbekannt/nicht anwendbar,offen – Fix/Regressionstest prüfen,,,,PR#954:review-summary,gebündelte Review-Zusammenfassung; technische Inline-Punkte separat dispositioniert,https://github.com/Sturmi77/correlcore/pull/954#pullrequestreview-5260101552 | AUD-13 -> A04/A06 | https://github.com/Sturmi77/correlcore/issues/979 | https://github.com/Sturmi77/correlcore/pull/993 | https://github.com/Sturmi77/correlcore/issues/980 | https://github.com/Sturmi77/correlcore/pull/994
954,https://github.com/Sturmi77/correlcore/pull/954#discussion_r4056541219,Inline,backend/app/services/stats_service.py,AUD-13,"PR-Kontext, Einzelprüfung A11 offen",PRRT_kwDOSH3SD86kICIP,true,offen – Fix/Regressionstest prüfen,,,"Beide Punkte bestätigt, mit einer bewussten Entscheidung dahinter. **`ge=1, le=365` statt `14|28|90`:** absichtlich weit. Die Präferenz ist eine UI-Konvention (CHECK-Constraint in",PR#954:historical-inline,historischer Inline-Kontext; in AUD-13 / A04/A06 übertragen,https://github.com/Sturmi77/correlcore/pull/990 | https://github.com/Sturmi77/correlcore/issues/979 | https://github.com/Sturmi77/correlcore/pull/993 | https://github.com/Sturmi77/correlcore/issues/980 | https://github.com/Sturmi77/correlcore/pull/994
954,https://github.com/Sturmi77/correlcore/pull/954#pullrequestreview-5260101970,Review/Antwort,,AUD-13,"PR-Kontext, Einzelprüfung A11 offen",,unbekannt/nicht anwendbar,offen – Fix/Regressionstest prüfen,,,,PR#954:review-summary,gebündelte Review-Zusammenfassung; technische Inline-Punkte separat dispositioniert,https://github.com/Sturmi77/correlcore/pull/954#pullrequestreview-5260101970 | AUD-13 -> A04/A06 | https://github.com/Sturmi77/correlcore/issues/979 | https://github.com/Sturmi77/correlcore/pull/993 | https://github.com/Sturmi77/correlcore/issues/980 | https://github.com/Sturmi77/correlcore/pull/994
954,https://github.com/Sturmi77/correlcore/pull/954#discussion_r4056541567,Inline,apps/web/src/lib/utils/insightMatrixExport.ts,AUD-13,"PR-Kontext, Einzelprüfung A11 offen",PRRT_kwDOSH3SD86kICIV,true,offen – Fix/Regressionstest prüfen,,,"Bestätigt — und `statement` ist bewusst dabei. Der Satz ist die eigentliche Aussage der Zeile („An Tagen mit X war die Stimmung im Schnitt …""); ein Handout ohne ihn wäre eine Tabel",PR#954:historical-inline,historischer Inline-Kontext; in AUD-13 / A04/A06 übertragen,https://github.com/Sturmi77/correlcore/pull/990 | https://github.com/Sturmi77/correlcore/issues/979 | https://github.com/Sturmi77/correlcore/pull/993 | https://github.com/Sturmi77/correlcore/issues/980 | https://github.com/Sturmi77/correlcore/pull/994
954,https://github.com/Sturmi77/correlcore/pull/954#pullrequestreview-5260102284,Review/Antwort,,AUD-13,"PR-Kontext, Einzelprüfung A11 offen",,unbekannt/nicht anwendbar,offen – Fix/Regressionstest prüfen,,,,PR#954:review-summary,gebündelte Review-Zusammenfassung; technische Inline-Punkte separat dispositioniert,https://github.com/Sturmi77/correlcore/pull/954#pullrequestreview-5260102284 | AUD-13 -> A04/A06 | https://github.com/Sturmi77/correlcore/issues/979 | https://github.com/Sturmi77/correlcore/pull/993 | https://github.com/Sturmi77/correlcore/issues/980 | https://github.com/Sturmi77/correlcore/pull/994
954,https://github.com/Sturmi77/correlcore/pull/954#discussion_r4056543391,Inline,backend/app/api/v1/endpoints/entries.py,AUD-13,"PR-Kontext, Einzelprüfung A11 offen",PRRT_kwDOSH3SD86kIEUt,false,offen – Fix/Regressionstest prüfen,,,<!-- CURSOR_AUTOMATION_ID: 8040bfce-1dbd-47b2-9b9d-3569b54c343f | RUN_ID: bc-c03eb644-2ffe-4a0e-a7ba-7a7c2507d404 --> Risk focus (timeseries contract): `days` still wins over `rang,PR#954:historical-inline,historischer Inline-Kontext; in AUD-13 / A04/A06 übertragen,https://github.com/Sturmi77/correlcore/pull/990 | https://github.com/Sturmi77/correlcore/issues/979 | https://github.com/Sturmi77/correlcore/pull/993 | https://github.com/Sturmi77/correlcore/issues/980 | https://github.com/Sturmi77/correlcore/pull/994
954,https://github.com/Sturmi77/correlcore/pull/954#discussion_r4056543393,Inline,backend/app/services/insight_service.py,AUD-13,"PR-Kontext, Einzelprüfung A11 offen",PRRT_kwDOSH3SD86kIEUv,false,offen – Fix/Regressionstest prüfen,,,<!-- CURSOR_AUTOMATION_ID: 8040bfce-1dbd-47b2-9b9d-3569b54c343f | RUN_ID: bc-c03eb644-2ffe-4a0e-a7ba-7a7c2507d404 --> Risk focus (analytics opt-out): GET-by-id / event-windows / ve,PR#954:historical-inline,historischer Inline-Kontext; in AUD-13 / A04/A06 übertragen,https://github.com/Sturmi77/correlcore/pull/990 | https://github.com/Sturmi77/correlcore/issues/979 | https://github.com/Sturmi77/correlcore/pull/993 | https://github.com/Sturmi77/correlcore/issues/980 | https://github.com/Sturmi77/correlcore/pull/994
954,https://github.com/Sturmi77/correlcore/pull/954#discussion_r4056543394,Inline,apps/web/src/lib/utils/insightMatrixExport.ts,AUD-13,"PR-Kontext, Einzelprüfung A11 offen",PRRT_kwDOSH3SD86kIEUw,false,offen – Fix/Regressionstest prüfen,,,<!-- CURSOR_AUTOMATION_ID: 8040bfce-1dbd-47b2-9b9d-3569b54c343f | RUN_ID: bc-c03eb644-2ffe-4a0e-a7ba-7a7c2507d404 --> Risk focus (report export): CSV/JSON still serialize selected,PR#954:historical-inline,historischer Inline-Kontext; in AUD-13 / A04/A06 übertragen,https://github.com/Sturmi77/correlcore/pull/990 | https://github.com/Sturmi77/correlcore/issues/979 | https://github.com/Sturmi77/correlcore/pull/993 | https://github.com/Sturmi77/correlcore/issues/980 | https://github.com/Sturmi77/correlcore/pull/994
954,https://github.com/Sturmi77/correlcore/pull/954#pullrequestreview-5260104268,Review/Antwort,,AUD-13,"PR-Kontext, Einzelprüfung A11 offen",,unbekannt/nicht anwendbar,offen – Fix/Regressionstest prüfen,,,<!-- CURSOR_AUTOMATION_ID: 8040bfce-1dbd-47b2-9b9d-3569b54c343f | RUN_ID: bc-c03eb644-2ffe-4a0e-a7ba-7a7c2507d404 --> ## Risk assessment: **Medium-High** (unchanged) Re-evaluated a,PR#954:review-summary,gebündelte Review-Zusammenfassung; technische Inline-Punkte separat dispositioniert,https://github.com/Sturmi77/correlcore/pull/954#pullrequestreview-5260104268 | AUD-13 -> A04/A06 | https://github.com/Sturmi77/correlcore/issues/979 | https://github.com/Sturmi77/correlcore/pull/993 | https://github.com/Sturmi77/correlcore/issues/980 | https://github.com/Sturmi77/correlcore/pull/994
954,https://github.com/Sturmi77/correlcore/pull/954#issuecomment-5748863018,Review/Antwort,,AUD-13,"PR-Kontext, Einzelprüfung A11 offen",,unbekannt/nicht anwendbar,offen – Fix/Regressionstest prüfen,,,"## Inventar: offene Review-Befunde aus den geschlossenen Phasen-PRs #940–#948 Dieser PR trägt den Code der Phasen 1–14; die zugehörigen PRs sind alle closed ohne Merge, ihre **55 R",PR#954:review-summary,gebündelte Review-Zusammenfassung; technische Inline-Punkte separat dispositioniert,https://github.com/Sturmi77/correlcore/pull/954#issuecomment-5748863018 | AUD-13 -> A04/A06 | https://github.com/Sturmi77/correlcore/issues/979 | https://github.com/Sturmi77/correlcore/pull/993 | https://github.com/Sturmi77/correlcore/issues/980 | https://github.com/Sturmi77/correlcore/pull/994
954,https://github.com/Sturmi77/correlcore/pull/954#issuecomment-5748916200,Review/Antwort,,AUD-13,"PR-Kontext, Einzelprüfung A11 offen",,unbekannt/nicht anwendbar,offen – Fix/Regressionstest prüfen,,,## Nachgeholter Review: Phasen 9–13 (`93b2c405..c82eaf28`) Diese fünf Phasen hatten **kein einziges inhaltliches Review** — die Codex-Automation war zu diesem Zeitpunkt am Kontinge,PR#954:review-summary,gebündelte Review-Zusammenfassung; technische Inline-Punkte separat dispositioniert,https://github.com/Sturmi77/correlcore/pull/954#issuecomment-5748916200 | AUD-13 -> A04/A06 | https://github.com/Sturmi77/correlcore/issues/979 | https://github.com/Sturmi77/correlcore/pull/993 | https://github.com/Sturmi77/correlcore/issues/980 | https://github.com/Sturmi77/correlcore/pull/994
953,https://github.com/Sturmi77/correlcore/pull/953#issuecomment-5740959523,Review/Antwort,,AUD-14,"PR-Kontext, Einzelprüfung A11 offen",,unbekannt/nicht anwendbar,offen – Fix/Regressionstest prüfen,,,You have reached your Codex usage limits for code reviews. You can see your limits in the [Codex usage dashboard](https://chatgpt.com/codex/cloud/settings/usage). To continue using,PR#953:review-summary,gebündelte Review-Zusammenfassung; technische Inline-Punkte separat dispositioniert,https://github.com/Sturmi77/correlcore/pull/953#issuecomment-5740959523 | AUD-14 -> A04/A06 | https://github.com/Sturmi77/correlcore/issues/979 | https://github.com/Sturmi77/correlcore/pull/993 | https://github.com/Sturmi77/correlcore/issues/980 | https://github.com/Sturmi77/correlcore/pull/994
953,https://github.com/Sturmi77/correlcore/pull/953#pullrequestreview-5255312047,Review/Antwort,,AUD-14,"PR-Kontext, Einzelprüfung A11 offen",,unbekannt/nicht anwendbar,offen – Fix/Regressionstest prüfen,,,"<!-- CURSOR_AUTOMATION_ID: 8040bfce-1dbd-47b2-9b9d-3569b54c343f | RUN_ID: bc-d282ddb2-28f2-401e-89e8-459c244fe21d --> ## Risk assessment: Medium — review required, not approved Ass",PR#953:review-summary,gebündelte Review-Zusammenfassung; technische Inline-Punkte separat dispositioniert,https://github.com/Sturmi77/correlcore/pull/953#pullrequestreview-5255312047 | AUD-14 -> A04/A06 | https://github.com/Sturmi77/correlcore/issues/979 | https://github.com/Sturmi77/correlcore/pull/993 | https://github.com/Sturmi77/correlcore/issues/980 | https://github.com/Sturmi77/correlcore/pull/994
953,https://github.com/Sturmi77/correlcore/pull/953#issuecomment-5742422623,Review/Antwort,,AUD-14,"PR-Kontext, Einzelprüfung A11 offen",,unbekannt/nicht anwendbar,offen – Fix/Regressionstest prüfen,,,"Superseded by #954. #954 is the integrated tip for Phase 1-14 and contains this branch's history in full (`git rev-list feat/928-phase14-sleep-next-day..<this branch>` is empty), s",PR#953:review-summary,gebündelte Review-Zusammenfassung; technische Inline-Punkte separat dispositioniert,https://github.com/Sturmi77/correlcore/pull/953#issuecomment-5742422623 | AUD-14 -> A04/A06 | https://github.com/Sturmi77/correlcore/issues/979 | https://github.com/Sturmi77/correlcore/pull/993 | https://github.com/Sturmi77/correlcore/issues/980 | https://github.com/Sturmi77/correlcore/pull/994
952,https://github.com/Sturmi77/correlcore/pull/952#issuecomment-5740898685,Review/Antwort,,AUD-14,"PR-Kontext, Einzelprüfung A11 offen",,unbekannt/nicht anwendbar,offen – Fix/Regressionstest prüfen,,,You have reached your Codex usage limits for code reviews. You can see your limits in the [Codex usage dashboard](https://chatgpt.com/codex/cloud/settings/usage). To continue using,PR#952:review-summary,gebündelte Review-Zusammenfassung; technische Inline-Punkte separat dispositioniert,https://github.com/Sturmi77/correlcore/pull/952#issuecomment-5740898685 | AUD-14 -> A04/A06 | https://github.com/Sturmi77/correlcore/issues/979 | https://github.com/Sturmi77/correlcore/pull/993 | https://github.com/Sturmi77/correlcore/issues/980 | https://github.com/Sturmi77/correlcore/pull/994
952,https://github.com/Sturmi77/correlcore/pull/952#pullrequestreview-5255280455,Review/Antwort,,AUD-14,"PR-Kontext, Einzelprüfung A11 offen",,unbekannt/nicht anwendbar,offen – Fix/Regressionstest prüfen,,,<!-- CURSOR_AUTOMATION_ID: 8040bfce-1dbd-47b2-9b9d-3569b54c343f | RUN_ID: bc-ba5bf90e-2741-43ff-8739-c56f3ac9b7c5 --> ## Risk assessment: **Medium** Reviewed from the diff only (14,PR#952:review-summary,gebündelte Review-Zusammenfassung; technische Inline-Punkte separat dispositioniert,https://github.com/Sturmi77/correlcore/pull/952#pullrequestreview-5255280455 | AUD-14 -> A04/A06 | https://github.com/Sturmi77/correlcore/issues/979 | https://github.com/Sturmi77/correlcore/pull/993 | https://github.com/Sturmi77/correlcore/issues/980 | https://github.com/Sturmi77/correlcore/pull/994
952,https://github.com/Sturmi77/correlcore/pull/952#issuecomment-5742422381,Review/Antwort,,AUD-14,"PR-Kontext, Einzelprüfung A11 offen",,unbekannt/nicht anwendbar,offen – Fix/Regressionstest prüfen,,,"Superseded by #954. #954 is the integrated tip for Phase 1-14 and contains this branch's history in full (`git rev-list feat/928-phase14-sleep-next-day..<this branch>` is empty), s",PR#952:review-summary,gebündelte Review-Zusammenfassung; technische Inline-Punkte separat dispositioniert,https://github.com/Sturmi77/correlcore/pull/952#issuecomment-5742422381 | AUD-14 -> A04/A06 | https://github.com/Sturmi77/correlcore/issues/979 | https://github.com/Sturmi77/correlcore/pull/993 | https://github.com/Sturmi77/correlcore/issues/980 | https://github.com/Sturmi77/correlcore/pull/994
951,https://github.com/Sturmi77/correlcore/pull/951#issuecomment-5740839269,Review/Antwort,,AUD-12,"PR-Kontext, Einzelprüfung A11 offen",,unbekannt/nicht anwendbar,offen – Fix/Regressionstest prüfen,,,You have reached your Codex usage limits for code reviews. You can see your limits in the [Codex usage dashboard](https://chatgpt.com/codex/cloud/settings/usage). To continue using,PR#951:review-summary,gebündelte Review-Zusammenfassung; technische Inline-Punkte separat dispositioniert,https://github.com/Sturmi77/correlcore/pull/951#issuecomment-5740839269 | AUD-12 -> A06 | https://github.com/Sturmi77/correlcore/issues/980 | https://github.com/Sturmi77/correlcore/pull/994
951,https://github.com/Sturmi77/correlcore/pull/951#pullrequestreview-5255256333,Review/Antwort,,AUD-12,"PR-Kontext, Einzelprüfung A11 offen",,unbekannt/nicht anwendbar,offen – Fix/Regressionstest prüfen,,,<!-- CURSOR_AUTOMATION_ID: 8040bfce-1dbd-47b2-9b9d-3569b54c343f | RUN_ID: bc-2b224728-5c2d-46fe-a81d-0a5274450e22 --> ## Risk assessment: Low **Review required:** No **Reviewers as,PR#951:review-summary,gebündelte Review-Zusammenfassung; technische Inline-Punkte separat dispositioniert,https://github.com/Sturmi77/correlcore/pull/951#pullrequestreview-5255256333 | AUD-12 -> A06 | https://github.com/Sturmi77/correlcore/issues/980 | https://github.com/Sturmi77/correlcore/pull/994
951,https://github.com/Sturmi77/correlcore/pull/951#issuecomment-5742422233,Review/Antwort,,AUD-12,"PR-Kontext, Einzelprüfung A11 offen",,unbekannt/nicht anwendbar,offen – Fix/Regressionstest prüfen,,,"Superseded by #954. #954 is the integrated tip for Phase 1-14 and contains this branch's history in full (`git rev-list feat/928-phase14-sleep-next-day..<this branch>` is empty), s",PR#951:review-summary,gebündelte Review-Zusammenfassung; technische Inline-Punkte separat dispositioniert,https://github.com/Sturmi77/correlcore/pull/951#issuecomment-5742422233 | AUD-12 -> A06 | https://github.com/Sturmi77/correlcore/issues/980 | https://github.com/Sturmi77/correlcore/pull/994
950,https://github.com/Sturmi77/correlcore/pull/950#issuecomment-5740741800,Review/Antwort,,AUD-22,"PR-Kontext, Einzelprüfung A11 offen",,unbekannt/nicht anwendbar,offen – Fix/Regressionstest prüfen,,,You have reached your Codex usage limits for code reviews. You can see your limits in the [Codex usage dashboard](https://chatgpt.com/codex/cloud/settings/usage). To continue using,PR#950:review-summary,gebündelte Review-Zusammenfassung; technische Inline-Punkte separat dispositioniert,https://github.com/Sturmi77/correlcore/pull/950#issuecomment-5740741800 | AUD-22 -> A07 | https://github.com/Sturmi77/correlcore/issues/981 | https://github.com/Sturmi77/correlcore/pull/995
950,https://github.com/Sturmi77/correlcore/pull/950#pullrequestreview-5255215707,Review/Antwort,,AUD-22,"PR-Kontext, Einzelprüfung A11 offen",,unbekannt/nicht anwendbar,offen – Fix/Regressionstest prüfen,,,<!-- CURSOR_AUTOMATION_ID: 8040bfce-1dbd-47b2-9b9d-3569b54c343f | RUN_ID: bc-a7003621-3f2e-489c-8e72-3267af82f5d9 --> ## Risk assessment: **Medium** **Code review required.** Not a,PR#950:review-summary,gebündelte Review-Zusammenfassung; technische Inline-Punkte separat dispositioniert,https://github.com/Sturmi77/correlcore/pull/950#pullrequestreview-5255215707 | AUD-22 -> A07 | https://github.com/Sturmi77/correlcore/issues/981 | https://github.com/Sturmi77/correlcore/pull/995
950,https://github.com/Sturmi77/correlcore/pull/950#issuecomment-5742422037,Review/Antwort,,AUD-22,"PR-Kontext, Einzelprüfung A11 offen",,unbekannt/nicht anwendbar,offen – Fix/Regressionstest prüfen,,,"Superseded by #954. #954 is the integrated tip for Phase 1-14 and contains this branch's history in full (`git rev-list feat/928-phase14-sleep-next-day..<this branch>` is empty), s",PR#950:review-summary,gebündelte Review-Zusammenfassung; technische Inline-Punkte separat dispositioniert,https://github.com/Sturmi77/correlcore/pull/950#issuecomment-5742422037 | AUD-22 -> A07 | https://github.com/Sturmi77/correlcore/issues/981 | https://github.com/Sturmi77/correlcore/pull/995
949,https://github.com/Sturmi77/correlcore/pull/949#issuecomment-5740689718,Review/Antwort,,AUD-36,"PR-Kontext, Einzelprüfung A11 offen",,unbekannt/nicht anwendbar,offen – Fix/Regressionstest prüfen,,,You have reached your Codex usage limits for code reviews. You can see your limits in the [Codex usage dashboard](https://chatgpt.com/codex/cloud/settings/usage). To continue using,PR#949:review-summary,gebündelte Review-Zusammenfassung; technische Inline-Punkte separat dispositioniert,https://github.com/Sturmi77/correlcore/pull/949#issuecomment-5740689718 | AUD-36 -> A11 | https://github.com/Sturmi77/correlcore/issues/985
949,https://github.com/Sturmi77/correlcore/pull/949#pullrequestreview-5255197476,Review/Antwort,,AUD-36,"PR-Kontext, Einzelprüfung A11 offen",,unbekannt/nicht anwendbar,offen – Fix/Regressionstest prüfen,,,<!-- CURSOR_AUTOMATION_ID: 8040bfce-1dbd-47b2-9b9d-3569b54c343f | RUN_ID: bc-05869c14-3dd1-4448-bea0-751f7648f76b --> ## Risk: Very Low — approved Assessed from the three-dot diff,PR#949:review-summary,gebündelte Review-Zusammenfassung; technische Inline-Punkte separat dispositioniert,https://github.com/Sturmi77/correlcore/pull/949#pullrequestreview-5255197476 | AUD-36 -> A11 | https://github.com/Sturmi77/correlcore/issues/985
949,https://github.com/Sturmi77/correlcore/pull/949#issuecomment-5742421822,Review/Antwort,,AUD-36,"PR-Kontext, Einzelprüfung A11 offen",,unbekannt/nicht anwendbar,offen – Fix/Regressionstest prüfen,,,"Superseded by #954. #954 is the integrated tip for Phase 1-14 and contains this branch's history in full (`git rev-list feat/928-phase14-sleep-next-day..<this branch>` is empty), s",PR#949:review-summary,gebündelte Review-Zusammenfassung; technische Inline-Punkte separat dispositioniert,https://github.com/Sturmi77/correlcore/pull/949#issuecomment-5742421822 | AUD-36 -> A11 | https://github.com/Sturmi77/correlcore/issues/985
948,https://github.com/Sturmi77/correlcore/pull/948#discussion_r4052712625,Inline,backend/app/services/timezone_utils.py,AUD-24,"PR-Kontext, Einzelprüfung A11 offen",PRRT_kwDOSH3SD86j-T2Y,false,offen – Fix/Regressionstest prüfen,,,## CodeQL / Log Injection This log entry depends on a [user-provided value](1). This log entry depends on a [user-provided value](2). [Show more details](https://github.com/Sturmi7,PR#948:historical-inline,historischer Inline-Kontext; in AUD-24 / A04 übertragen,https://github.com/Sturmi77/correlcore/pull/990 | https://github.com/Sturmi77/correlcore/issues/979 | https://github.com/Sturmi77/correlcore/pull/993
948,https://github.com/Sturmi77/correlcore/pull/948#pullrequestreview-5255163877,Review/Antwort,,AUD-24,"PR-Kontext, Einzelprüfung A11 offen",,unbekannt/nicht anwendbar,offen – Fix/Regressionstest prüfen,,,,PR#948:review-summary,gebündelte Review-Zusammenfassung; technische Inline-Punkte separat dispositioniert,https://github.com/Sturmi77/correlcore/pull/948#pullrequestreview-5255163877 | AUD-24 -> A04 | https://github.com/Sturmi77/correlcore/issues/979 | https://github.com/Sturmi77/correlcore/pull/993
948,https://github.com/Sturmi77/correlcore/pull/948#pullrequestreview-5255165899,Review/Antwort,,AUD-24,"PR-Kontext, Einzelprüfung A11 offen",,unbekannt/nicht anwendbar,offen – Fix/Regressionstest prüfen,,,<!-- CURSOR_AUTOMATION_ID: 8040bfce-1dbd-47b2-9b9d-3569b54c343f | RUN_ID: bc-795be039-4aa1-4b9a-b3ae-55956e36453b --> ## Risk assessment: Medium-High **Review required. Not approve,PR#948:review-summary,gebündelte Review-Zusammenfassung; technische Inline-Punkte separat dispositioniert,https://github.com/Sturmi77/correlcore/pull/948#pullrequestreview-5255165899 | AUD-24 -> A04 | https://github.com/Sturmi77/correlcore/issues/979 | https://github.com/Sturmi77/correlcore/pull/993
948,https://github.com/Sturmi77/correlcore/pull/948#pullrequestreview-5255186691,Review/Antwort,,AUD-24,"PR-Kontext, Einzelprüfung A11 offen",,unbekannt/nicht anwendbar,offen – Fix/Regressionstest prüfen,,,### 💡 Codex Review Here are some automated review suggestions for this pull request. **Reviewed commit:** `93b2c40571` <details> <summary>ℹ️ About Codex in GitHub</summary> <br/>,PR#948:review-summary,gebündelte Review-Zusammenfassung; technische Inline-Punkte separat dispositioniert,https://github.com/Sturmi77/correlcore/pull/948#pullrequestreview-5255186691 | AUD-24 -> A04 | https://github.com/Sturmi77/correlcore/issues/979 | https://github.com/Sturmi77/correlcore/pull/993
948,https://github.com/Sturmi77/correlcore/pull/948#discussion_r4052732613,Inline,backend/app/services/insights/belastung.py,AUD-24,"PR-Kontext, Einzelprüfung A11 offen",PRRT_kwDOSH3SD86j-XSd,false,offen – Fix/Regressionstest prüfen,,,**<sub><sub>![P1 Badge](https://img.shields.io/badge/P1-orange?style=flat)</sub></sub> Require a prior window before asserting change** When an opted-in user has at least seven ent,PR#948:historical-inline,historischer Inline-Kontext; in AUD-24 / A04 übertragen,https://github.com/Sturmi77/correlcore/pull/990 | https://github.com/Sturmi77/correlcore/issues/979 | https://github.com/Sturmi77/correlcore/pull/993
948,https://github.com/Sturmi77/correlcore/pull/948#discussion_r4052732616,Inline,apps/web/src/lib/utils/withWithoutDistribution.ts,AUD-24,"PR-Kontext, Einzelprüfung A11 offen",PRRT_kwDOSH3SD86j-XSf,false,offen – Fix/Regressionstest prüfen,,,"**<sub><sub>![P1 Badge](https://img.shields.io/badge/P1-orange?style=flat)</sub></sub> Do not synthesize zero symptom distributions** For `symptom_mood_association`, the backend pa",PR#948:historical-inline,historischer Inline-Kontext; in AUD-24 / A04 übertragen,https://github.com/Sturmi77/correlcore/pull/990 | https://github.com/Sturmi77/correlcore/issues/979 | https://github.com/Sturmi77/correlcore/pull/993
948,https://github.com/Sturmi77/correlcore/pull/948#discussion_r4052732619,Inline,apps/web/src/routes/insights/+page.svelte,AUD-24,"PR-Kontext, Einzelprüfung A11 offen",PRRT_kwDOSH3SD86j-XSj,false,offen – Fix/Regressionstest prüfen,,,**<sub><sub>![P1 Badge](https://img.shields.io/badge/P1-orange?style=flat)</sub></sub> Keep the opt-in composite out of the general feed** This gate controls only the dedicated ove,PR#948:historical-inline,historischer Inline-Kontext; in AUD-24 / A04 übertragen,https://github.com/Sturmi77/correlcore/pull/990 | https://github.com/Sturmi77/correlcore/issues/979 | https://github.com/Sturmi77/correlcore/pull/993
948,https://github.com/Sturmi77/correlcore/pull/948#discussion_r4052732622,Inline,backend/app/services/insights/correlation.py,AUD-24,"PR-Kontext, Einzelprüfung A11 offen",PRRT_kwDOSH3SD86j-XSk,false,offen – Fix/Regressionstest prüfen,,,**<sub><sub>![P2 Badge](https://img.shields.io/badge/P2-yellow?style=flat)</sub></sub> Treat null and positive associations as one current subject** If a tag has a small effect on,PR#948:historical-inline,historischer Inline-Kontext; in AUD-24 / A04 übertragen,https://github.com/Sturmi77/correlcore/pull/990 | https://github.com/Sturmi77/correlcore/issues/979 | https://github.com/Sturmi77/correlcore/pull/993
948,https://github.com/Sturmi77/correlcore/pull/948#discussion_r4052732626,Inline,apps/web/src/routes/insights/report/+page.svelte,AUD-24,"PR-Kontext, Einzelprüfung A11 offen",PRRT_kwDOSH3SD86j-XSm,false,offen – Fix/Regressionstest prüfen,,,**<sub><sub>![P2 Badge](https://img.shields.io/badge/P2-yellow?style=flat)</sub></sub> Preserve an intentionally empty report selection** Whenever the user unchecks Select All or d,PR#948:historical-inline,historischer Inline-Kontext; in AUD-24 / A04 übertragen,https://github.com/Sturmi77/correlcore/pull/990 | https://github.com/Sturmi77/correlcore/issues/979 | https://github.com/Sturmi77/correlcore/pull/993
948,https://github.com/Sturmi77/correlcore/pull/948#discussion_r4052732627,Inline,backend/app/services/insights/shared.py,AUD-24,"PR-Kontext, Einzelprüfung A11 offen",PRRT_kwDOSH3SD86j-XSn,false,offen – Fix/Regressionstest prüfen,,,**<sub><sub>![P1 Badge](https://img.shields.io/badge/P1-orange?style=flat)</sub></sub> Preserve write-time covariates through daily normalization** Although these fields are loaded,PR#948:historical-inline,historischer Inline-Kontext; in AUD-24 / A04 übertragen,https://github.com/Sturmi77/correlcore/pull/990 | https://github.com/Sturmi77/correlcore/issues/979 | https://github.com/Sturmi77/correlcore/pull/993
948,https://github.com/Sturmi77/correlcore/pull/948#discussion_r4052732629,Inline,backend/app/services/export_service.py,AUD-24,"PR-Kontext, Einzelprüfung A11 offen",PRRT_kwDOSH3SD86j-XSq,false,offen – Fix/Regressionstest prüfen,,,"**<sub><sub>![P2 Badge](https://img.shields.io/badge/P2-yellow?style=flat)</sub></sub> Include the new covariates in CSV exports** The fields are added to the export envelope, so J",PR#948:historical-inline,historischer Inline-Kontext; in AUD-24 / A04 übertragen,https://github.com/Sturmi77/correlcore/pull/990 | https://github.com/Sturmi77/correlcore/issues/979 | https://github.com/Sturmi77/correlcore/pull/993
948,https://github.com/Sturmi77/correlcore/pull/948#discussion_r4052732631,Inline,apps/web/src/lib/components/insights/BelastungOverlay.svelte,AUD-24,"PR-Kontext, Einzelprüfung A11 offen",PRRT_kwDOSH3SD86j-XSt,false,offen – Fix/Regressionstest prüfen,,,**<sub><sub>![P2 Badge](https://img.shields.io/badge/P2-yellow?style=flat)</sub></sub> Route Belastung CTAs to supported signal details** Both CTA labels reuse the composite insigh,PR#948:historical-inline,historischer Inline-Kontext; in AUD-24 / A04 übertragen,https://github.com/Sturmi77/correlcore/pull/990 | https://github.com/Sturmi77/correlcore/issues/979 | https://github.com/Sturmi77/correlcore/pull/993
948,https://github.com/Sturmi77/correlcore/pull/948#discussion_r4052732632,Inline,apps/web/src/lib/utils/insightMatrixExport.ts,AUD-24,"PR-Kontext, Einzelprüfung A11 offen",PRRT_kwDOSH3SD86j-XSu,false,offen – Fix/Regressionstest prüfen,,,"**<sub><sub>![P2 Badge](https://img.shields.io/badge/P2-yellow?style=flat)</sub></sub> Paginate PDF rows before they leave the page** The report API can supply and select 50 rows,",PR#948:historical-inline,historischer Inline-Kontext; in AUD-24 / A04 übertragen,https://github.com/Sturmi77/correlcore/pull/990 | https://github.com/Sturmi77/correlcore/issues/979 | https://github.com/Sturmi77/correlcore/pull/993
948,https://github.com/Sturmi77/correlcore/pull/948#discussion_r4052732633,Inline,backend/app/services/entry_service.py,AUD-24,"PR-Kontext, Einzelprüfung A11 offen",PRRT_kwDOSH3SD86j-XSw,false,offen – Fix/Regressionstest prüfen,,,**<sub><sub>![P1 Badge](https://img.shields.io/badge/P1-orange?style=flat)</sub></sub> Capture write-time covariates for offline-sync creates** The derivation is confined to `creat,PR#948:historical-inline,historischer Inline-Kontext; in AUD-24 / A04 übertragen,https://github.com/Sturmi77/correlcore/pull/990 | https://github.com/Sturmi77/correlcore/issues/979 | https://github.com/Sturmi77/correlcore/pull/993
948,https://github.com/Sturmi77/correlcore/pull/948#discussion_r4052732638,Inline,apps/web/src/lib/components/trends/TrendsComparePanel.svelte,AUD-24,"PR-Kontext, Einzelprüfung A11 offen",PRRT_kwDOSH3SD86j-XSz,false,offen – Fix/Regressionstest prüfen,,,"**<sub><sub>![P2 Badge](https://img.shields.io/badge/P2-yellow?style=flat)</sub></sub> Carry the pinned comparison into the verification link** When two or more rows are pinned, th",PR#948:historical-inline,historischer Inline-Kontext; in AUD-24 / A04 übertragen,https://github.com/Sturmi77/correlcore/pull/990 | https://github.com/Sturmi77/correlcore/issues/979 | https://github.com/Sturmi77/correlcore/pull/993
948,https://github.com/Sturmi77/correlcore/pull/948#discussion_r4052732644,Inline,apps/web/src/routes/insights/signal/[id]/+page.svelte,AUD-24,"PR-Kontext, Einzelprüfung A11 offen",PRRT_kwDOSH3SD86j-XS2,false,offen – Fix/Regressionstest prüfen,,,**<sub><sub>![P2 Badge](https://img.shields.io/badge/P2-yellow?style=flat)</sub></sub> Persist the signal selected for the report** The “Remember for report” action is a plain link,PR#948:historical-inline,historischer Inline-Kontext; in AUD-24 / A04 übertragen,https://github.com/Sturmi77/correlcore/pull/990 | https://github.com/Sturmi77/correlcore/issues/979 | https://github.com/Sturmi77/correlcore/pull/993
948,https://github.com/Sturmi77/correlcore/pull/948#discussion_r4052732646,Inline,apps/web/src/lib/utils/insightMatrixExport.ts,AUD-24,"PR-Kontext, Einzelprüfung A11 offen",PRRT_kwDOSH3SD86j-XS4,false,offen – Fix/Regressionstest prüfen,,,**<sub><sub>![P2 Badge](https://img.shields.io/badge/P2-yellow?style=flat)</sub></sub> Encode user labels safely in generated PDFs** The content stream inserts JavaScript Unicode s,PR#948:historical-inline,historischer Inline-Kontext; in AUD-24 / A04 übertragen,https://github.com/Sturmi77/correlcore/pull/990 | https://github.com/Sturmi77/correlcore/issues/979 | https://github.com/Sturmi77/correlcore/pull/993
948,https://github.com/Sturmi77/correlcore/pull/948#issuecomment-5742421513,Review/Antwort,,AUD-24,"PR-Kontext, Einzelprüfung A11 offen",,unbekannt/nicht anwendbar,offen – Fix/Regressionstest prüfen,,,"Superseded by #954. #954 is the integrated tip for Phase 1-14 and contains this branch's history in full (`git rev-list feat/928-phase14-sleep-next-day..<this branch>` is empty), s",PR#948:review-summary,gebündelte Review-Zusammenfassung; technische Inline-Punkte separat dispositioniert,https://github.com/Sturmi77/correlcore/pull/948#issuecomment-5742421513 | AUD-24 -> A04 | https://github.com/Sturmi77/correlcore/issues/979 | https://github.com/Sturmi77/correlcore/pull/993
947,https://github.com/Sturmi77/correlcore/pull/947#pullrequestreview-5255130431,Review/Antwort,,AUD-13,"PR-Kontext, Einzelprüfung A11 offen",,unbekannt/nicht anwendbar,offen – Fix/Regressionstest prüfen,,,"<!-- CURSOR_AUTOMATION_ID: 8040bfce-1dbd-47b2-9b9d-3569b54c343f | RUN_ID: bc-b9f817aa-26ad-44e5-bd31-6cf5ab3790d8 --> ## Risk assessment: **Medium-High** — review required, not sel",PR#947:review-summary,gebündelte Review-Zusammenfassung; technische Inline-Punkte separat dispositioniert,https://github.com/Sturmi77/correlcore/pull/947#pullrequestreview-5255130431 | AUD-13 -> A04/A06 | https://github.com/Sturmi77/correlcore/issues/979 | https://github.com/Sturmi77/correlcore/pull/993 | https://github.com/Sturmi77/correlcore/issues/980 | https://github.com/Sturmi77/correlcore/pull/994
947,https://github.com/Sturmi77/correlcore/pull/947#pullrequestreview-5255143352,Review/Antwort,,AUD-13,"PR-Kontext, Einzelprüfung A11 offen",,unbekannt/nicht anwendbar,offen – Fix/Regressionstest prüfen,,,### 💡 Codex Review Here are some automated review suggestions for this pull request. **Reviewed commit:** `dd9830395e` <details> <summary>ℹ️ About Codex in GitHub</summary> <br/>,PR#947:review-summary,gebündelte Review-Zusammenfassung; technische Inline-Punkte separat dispositioniert,https://github.com/Sturmi77/correlcore/pull/947#pullrequestreview-5255143352 | AUD-13 -> A04/A06 | https://github.com/Sturmi77/correlcore/issues/979 | https://github.com/Sturmi77/correlcore/pull/993 | https://github.com/Sturmi77/correlcore/issues/980 | https://github.com/Sturmi77/correlcore/pull/994
947,https://github.com/Sturmi77/correlcore/pull/947#discussion_r4052693821,Inline,backend/app/services/insights/correlation.py,AUD-13,"PR-Kontext, Einzelprüfung A11 offen",PRRT_kwDOSH3SD86j-Qo3,false,offen – Fix/Regressionstest prüfen,,,**<sub><sub>![P1 Badge](https://img.shields.io/badge/P1-orange?style=flat)</sub></sub> Keep null and positive outcomes in one latest-result slot** When a tag previously produced a,PR#947:historical-inline,historischer Inline-Kontext; in AUD-13 / A04/A06 übertragen,https://github.com/Sturmi77/correlcore/pull/990 | https://github.com/Sturmi77/correlcore/issues/979 | https://github.com/Sturmi77/correlcore/pull/993 | https://github.com/Sturmi77/correlcore/issues/980 | https://github.com/Sturmi77/correlcore/pull/994
947,https://github.com/Sturmi77/correlcore/pull/947#discussion_r4052693822,Inline,apps/web/src/lib/utils/withWithoutDistribution.ts,AUD-13,"PR-Kontext, Einzelprüfung A11 offen",PRRT_kwDOSH3SD86j-Qo4,false,offen – Fix/Regressionstest prüfen,,,**<sub><sub>![P1 Badge](https://img.shields.io/badge/P1-orange?style=flat)</sub></sub> Require real distributions before rendering symptom frequencies** For every `symptom_mood_ass,PR#947:historical-inline,historischer Inline-Kontext; in AUD-13 / A04/A06 übertragen,https://github.com/Sturmi77/correlcore/pull/990 | https://github.com/Sturmi77/correlcore/issues/979 | https://github.com/Sturmi77/correlcore/pull/993 | https://github.com/Sturmi77/correlcore/issues/980 | https://github.com/Sturmi77/correlcore/pull/994
947,https://github.com/Sturmi77/correlcore/pull/947#discussion_r4052693824,Inline,apps/web/src/lib/utils/insightMatrixExport.ts,AUD-13,"PR-Kontext, Einzelprüfung A11 offen",PRRT_kwDOSH3SD86j-Qo6,false,offen – Fix/Regressionstest prüfen,,,**<sub><sub>![P2 Badge](https://img.shields.io/badge/P2-yellow?style=flat)</sub></sub> Encode non-ASCII report text for PDF** When a subject label or localized report string contai,PR#947:historical-inline,historischer Inline-Kontext; in AUD-13 / A04/A06 übertragen,https://github.com/Sturmi77/correlcore/pull/990 | https://github.com/Sturmi77/correlcore/issues/979 | https://github.com/Sturmi77/correlcore/pull/993 | https://github.com/Sturmi77/correlcore/issues/980 | https://github.com/Sturmi77/correlcore/pull/994
947,https://github.com/Sturmi77/correlcore/pull/947#discussion_r4052693826,Inline,apps/web/src/routes/insights/report/+page.svelte,AUD-13,"PR-Kontext, Einzelprüfung A11 offen",PRRT_kwDOSH3SD86j-Qo8,false,offen – Fix/Regressionstest prüfen,,,**<sub><sub>![P2 Badge](https://img.shields.io/badge/P2-yellow?style=flat)</sub></sub> Preserve an intentionally empty report selection** When the user unchecks “select all” or des,PR#947:historical-inline,historischer Inline-Kontext; in AUD-13 / A04/A06 übertragen,https://github.com/Sturmi77/correlcore/pull/990 | https://github.com/Sturmi77/correlcore/issues/979 | https://github.com/Sturmi77/correlcore/pull/993 | https://github.com/Sturmi77/correlcore/issues/980 | https://github.com/Sturmi77/correlcore/pull/994
947,https://github.com/Sturmi77/correlcore/pull/947#discussion_r4052693828,Inline,apps/web/src/lib/utils/insightMatrixExport.ts,AUD-13,"PR-Kontext, Einzelprüfung A11 offen",PRRT_kwDOSH3SD86j-Qo-,false,offen – Fix/Regressionstest prüfen,,,"**<sub><sub>![P2 Badge](https://img.shields.io/badge/P2-yellow?style=flat)</sub></sub> Paginate PDF rows before they leave the page** The report endpoint loads up to 50 rows, but t",PR#947:historical-inline,historischer Inline-Kontext; in AUD-13 / A04/A06 übertragen,https://github.com/Sturmi77/correlcore/pull/990 | https://github.com/Sturmi77/correlcore/issues/979 | https://github.com/Sturmi77/correlcore/pull/993 | https://github.com/Sturmi77/correlcore/issues/980 | https://github.com/Sturmi77/correlcore/pull/994
947,https://github.com/Sturmi77/correlcore/pull/947#discussion_r4052693829,Inline,apps/web/src/lib/components/insights/InsightReportTable.svelte,AUD-13,"PR-Kontext, Einzelprüfung A11 offen",PRRT_kwDOSH3SD86j-Qo_,false,offen – Fix/Regressionstest prüfen,,,**<sub><sub>![P2 Badge](https://img.shields.io/badge/P2-yellow?style=flat)</sub></sub> Show the new dual denominators in report coverage** Phase 7 now adds `tagged_count` and `unta,PR#947:historical-inline,historischer Inline-Kontext; in AUD-13 / A04/A06 übertragen,https://github.com/Sturmi77/correlcore/pull/990 | https://github.com/Sturmi77/correlcore/issues/979 | https://github.com/Sturmi77/correlcore/pull/993 | https://github.com/Sturmi77/correlcore/issues/980 | https://github.com/Sturmi77/correlcore/pull/994
947,https://github.com/Sturmi77/correlcore/pull/947#discussion_r4052693833,Inline,apps/web/src/routes/insights/signal/[id]/+page.svelte,AUD-13,"PR-Kontext, Einzelprüfung A11 offen",PRRT_kwDOSH3SD86j-QpA,false,offen – Fix/Regressionstest prüfen,,,**<sub><sub>![P2 Badge](https://img.shields.io/badge/P2-yellow?style=flat)</sub></sub> Make the report action retain the current signal** The “Remember for report” action is only a,PR#947:historical-inline,historischer Inline-Kontext; in AUD-13 / A04/A06 übertragen,https://github.com/Sturmi77/correlcore/pull/990 | https://github.com/Sturmi77/correlcore/issues/979 | https://github.com/Sturmi77/correlcore/pull/993 | https://github.com/Sturmi77/correlcore/issues/980 | https://github.com/Sturmi77/correlcore/pull/994
947,https://github.com/Sturmi77/correlcore/pull/947#discussion_r4052693834,Inline,backend/app/api/v1/endpoints/insights.py,AUD-13,"PR-Kontext, Einzelprüfung A11 offen",PRRT_kwDOSH3SD86j-QpB,false,offen – Fix/Regressionstest prüfen,,,**<sub><sub>![P1 Badge](https://img.shields.io/badge/P1-orange?style=flat)</sub></sub> Honor tag analytics opt-outs in detail endpoints** The new detail endpoint loads an insight d,PR#947:historical-inline,historischer Inline-Kontext; in AUD-13 / A04/A06 übertragen,https://github.com/Sturmi77/correlcore/pull/990 | https://github.com/Sturmi77/correlcore/issues/979 | https://github.com/Sturmi77/correlcore/pull/993 | https://github.com/Sturmi77/correlcore/issues/980 | https://github.com/Sturmi77/correlcore/pull/994
947,https://github.com/Sturmi77/correlcore/pull/947#discussion_r4052693835,Inline,apps/web/src/lib/i18n/locales/en.json,AUD-13,"PR-Kontext, Einzelprüfung A11 offen",PRRT_kwDOSH3SD86j-QpC,false,offen – Fix/Regressionstest prüfen,,,"**<sub><sub>![P2 Badge](https://img.shields.io/badge/P2-yellow?style=flat)</sub></sub> Label correlation coefficients as effects, not differences** Report rows display `Insight.eff",PR#947:historical-inline,historischer Inline-Kontext; in AUD-13 / A04/A06 übertragen,https://github.com/Sturmi77/correlcore/pull/990 | https://github.com/Sturmi77/correlcore/issues/979 | https://github.com/Sturmi77/correlcore/pull/993 | https://github.com/Sturmi77/correlcore/issues/980 | https://github.com/Sturmi77/correlcore/pull/994
947,https://github.com/Sturmi77/correlcore/pull/947#discussion_r4052693836,Inline,apps/web/src/lib/components/insights/SignalScatter.svelte,AUD-13,"PR-Kontext, Einzelprüfung A11 offen",PRRT_kwDOSH3SD86j-QpD,false,offen – Fix/Regressionstest prüfen,,,"**<sub><sub>![P2 Badge](https://img.shields.io/badge/P2-yellow?style=flat)</sub></sub> Apply the stress display inversion in verification plots** For symptom-to-stress insights, ve",PR#947:historical-inline,historischer Inline-Kontext; in AUD-13 / A04/A06 übertragen,https://github.com/Sturmi77/correlcore/pull/990 | https://github.com/Sturmi77/correlcore/issues/979 | https://github.com/Sturmi77/correlcore/pull/993 | https://github.com/Sturmi77/correlcore/issues/980 | https://github.com/Sturmi77/correlcore/pull/994
947,https://github.com/Sturmi77/correlcore/pull/947#issuecomment-5742421307,Review/Antwort,,AUD-13,"PR-Kontext, Einzelprüfung A11 offen",,unbekannt/nicht anwendbar,offen – Fix/Regressionstest prüfen,,,"Superseded by #954. #954 is the integrated tip for Phase 1-14 and contains this branch's history in full (`git rev-list feat/928-phase14-sleep-next-day..<this branch>` is empty), s",PR#947:review-summary,gebündelte Review-Zusammenfassung; technische Inline-Punkte separat dispositioniert,https://github.com/Sturmi77/correlcore/pull/947#issuecomment-5742421307 | AUD-13 -> A04/A06 | https://github.com/Sturmi77/correlcore/issues/979 | https://github.com/Sturmi77/correlcore/pull/993 | https://github.com/Sturmi77/correlcore/issues/980 | https://github.com/Sturmi77/correlcore/pull/994
946,https://github.com/Sturmi77/correlcore/pull/946#pullrequestreview-5255099522,Review/Antwort,,AUD-04,"PR-Kontext, Einzelprüfung A11 offen",,unbekannt/nicht anwendbar,offen – Fix/Regressionstest prüfen,,,<!-- CURSOR_AUTOMATION_ID: 8040bfce-1dbd-47b2-9b9d-3569b54c343f | RUN_ID: bc-6c02358c-8ee3-490b-9c20-dc3e8308e1c0 --> ## Risk assessment: Medium-High **Review required. Not approve,PR#946:review-summary,gebündelte Review-Zusammenfassung; technische Inline-Punkte separat dispositioniert,https://github.com/Sturmi77/correlcore/pull/946#pullrequestreview-5255099522 | AUD-04 -> A03 | https://github.com/Sturmi77/correlcore/issues/978 | https://github.com/Sturmi77/correlcore/pull/992
946,https://github.com/Sturmi77/correlcore/pull/946#discussion_r4052660261,Inline,backend/app/services/insight_sections.py,AUD-04,"PR-Kontext, Einzelprüfung A11 offen",PRRT_kwDOSH3SD86j-LEo,false,offen – Fix/Regressionstest prüfen,,,**<sub><sub>![P1 Badge](https://img.shields.io/badge/P1-orange?style=flat)</sub></sub> Preserve enabled tools in customized legacy layouts** When a v1 user has any customized layou,PR#946:historical-inline,historischer Inline-Kontext; in AUD-04 / A03 übertragen,https://github.com/Sturmi77/correlcore/pull/990 | https://github.com/Sturmi77/correlcore/issues/978 | https://github.com/Sturmi77/correlcore/pull/992
946,https://github.com/Sturmi77/correlcore/pull/946#discussion_r4052660265,Inline,apps/web/src/routes/insights/report/+page.svelte,AUD-04,"PR-Kontext, Einzelprüfung A11 offen",PRRT_kwDOSH3SD86j-LEs,false,offen – Fix/Regressionstest prüfen,,,**<sub><sub>![P2 Badge](https://img.shields.io/badge/P2-yellow?style=flat)</sub></sub> Allow the report selection to become empty** Whenever the user deselects the final row or unc,PR#946:historical-inline,historischer Inline-Kontext; in AUD-04 / A03 übertragen,https://github.com/Sturmi77/correlcore/pull/990 | https://github.com/Sturmi77/correlcore/issues/978 | https://github.com/Sturmi77/correlcore/pull/992
946,https://github.com/Sturmi77/correlcore/pull/946#discussion_r4052660267,Inline,apps/web/src/lib/utils/insightMatrixExport.ts,AUD-04,"PR-Kontext, Einzelprüfung A11 offen",PRRT_kwDOSH3SD86j-LEv,false,offen – Fix/Regressionstest prüfen,,,"**<sub><sub>![P2 Badge](https://img.shields.io/badge/P2-yellow?style=flat)</sub></sub> Paginate PDF output before rows leave the page** The report endpoint can load 50 rows, but th",PR#946:historical-inline,historischer Inline-Kontext; in AUD-04 / A03 übertragen,https://github.com/Sturmi77/correlcore/pull/990 | https://github.com/Sturmi77/correlcore/issues/978 | https://github.com/Sturmi77/correlcore/pull/992
946,https://github.com/Sturmi77/correlcore/pull/946#discussion_r4052660273,Inline,apps/web/src/lib/utils/insightMatrixExport.ts,AUD-04,"PR-Kontext, Einzelprüfung A11 offen",PRRT_kwDOSH3SD86j-LEy,false,offen – Fix/Regressionstest prüfen,,,**<sub><sub>![P2 Badge](https://img.shields.io/badge/P2-yellow?style=flat)</sub></sub> Encode Unicode labels correctly in generated PDFs** User-defined tag and symptom labels can c,PR#946:historical-inline,historischer Inline-Kontext; in AUD-04 / A03 übertragen,https://github.com/Sturmi77/correlcore/pull/990 | https://github.com/Sturmi77/correlcore/issues/978 | https://github.com/Sturmi77/correlcore/pull/992
946,https://github.com/Sturmi77/correlcore/pull/946#discussion_r4052660277,Inline,backend/app/services/user_preferences_service.py,AUD-04,"PR-Kontext, Einzelprüfung A11 offen",PRRT_kwDOSH3SD86j-LE2,false,offen – Fix/Regressionstest prüfen,,,"**<sub><sub>![P2 Badge](https://img.shields.io/badge/P2-yellow?style=flat)</sub></sub> Reject client-supplied future layout versions** The PATCH schema accepts versions through 32,",PR#946:historical-inline,historischer Inline-Kontext; in AUD-04 / A03 übertragen,https://github.com/Sturmi77/correlcore/pull/990 | https://github.com/Sturmi77/correlcore/issues/978 | https://github.com/Sturmi77/correlcore/pull/992
946,https://github.com/Sturmi77/correlcore/pull/946#discussion_r4052660280,Inline,apps/web/src/routes/insights/+page.svelte,AUD-04,"PR-Kontext, Einzelprüfung A11 offen",PRRT_kwDOSH3SD86j-LE5,false,offen – Fix/Regressionstest prüfen,,,**<sub><sub>![P2 Badge](https://img.shields.io/badge/P2-yellow?style=flat)</sub></sub> Stop preloading analytics for tools hidden by default** The new defaults hide all three advan,PR#946:historical-inline,historischer Inline-Kontext; in AUD-04 / A03 übertragen,https://github.com/Sturmi77/correlcore/pull/990 | https://github.com/Sturmi77/correlcore/issues/978 | https://github.com/Sturmi77/correlcore/pull/992
946,https://github.com/Sturmi77/correlcore/pull/946#discussion_r4052660283,Inline,apps/web/src/routes/insights/report/+page.svelte,AUD-04,"PR-Kontext, Einzelprüfung A11 offen",PRRT_kwDOSH3SD86j-LE7,false,offen – Fix/Regressionstest prüfen,,,**<sub><sub>![P2 Badge](https://img.shields.io/badge/P2-yellow?style=flat)</sub></sub> Fetch all association rows before filtering the report** This fetch is capped at the `/insigh,PR#946:historical-inline,historischer Inline-Kontext; in AUD-04 / A03 übertragen,https://github.com/Sturmi77/correlcore/pull/990 | https://github.com/Sturmi77/correlcore/issues/978 | https://github.com/Sturmi77/correlcore/pull/992
946,https://github.com/Sturmi77/correlcore/pull/946#discussion_r4052660285,Inline,apps/web/src/lib/components/insights/InsightReportTable.svelte,AUD-04,"PR-Kontext, Einzelprüfung A11 offen",PRRT_kwDOSH3SD86j-LE9,false,offen – Fix/Regressionstest prüfen,,,**<sub><sub>![P2 Badge](https://img.shields.io/badge/P2-yellow?style=flat)</sub></sub> Use the maturity entry count for the maturity badge** `InsightEvidence` derives its maturity,PR#946:historical-inline,historischer Inline-Kontext; in AUD-04 / A03 übertragen,https://github.com/Sturmi77/correlcore/pull/990 | https://github.com/Sturmi77/correlcore/issues/978 | https://github.com/Sturmi77/correlcore/pull/992
946,https://github.com/Sturmi77/correlcore/pull/946#pullrequestreview-5255108651,Review/Antwort,,AUD-04,"PR-Kontext, Einzelprüfung A11 offen",,unbekannt/nicht anwendbar,offen – Fix/Regressionstest prüfen,,,### 💡 Codex Review Here are some automated review suggestions for this pull request. **Reviewed commit:** `e688041766` <details> <summary>ℹ️ About Codex in GitHub</summary> <br/>,PR#946:review-summary,gebündelte Review-Zusammenfassung; technische Inline-Punkte separat dispositioniert,https://github.com/Sturmi77/correlcore/pull/946#pullrequestreview-5255108651 | AUD-04 -> A03 | https://github.com/Sturmi77/correlcore/issues/978 | https://github.com/Sturmi77/correlcore/pull/992
946,https://github.com/Sturmi77/correlcore/pull/946#issuecomment-5742421034,Review/Antwort,,AUD-04,"PR-Kontext, Einzelprüfung A11 offen",,unbekannt/nicht anwendbar,offen – Fix/Regressionstest prüfen,,,"Superseded by #954. #954 is the integrated tip for Phase 1-14 and contains this branch's history in full (`git rev-list feat/928-phase14-sleep-next-day..<this branch>` is empty), s",PR#946:review-summary,gebündelte Review-Zusammenfassung; technische Inline-Punkte separat dispositioniert,https://github.com/Sturmi77/correlcore/pull/946#issuecomment-5742421034 | AUD-04 -> A03 | https://github.com/Sturmi77/correlcore/issues/978 | https://github.com/Sturmi77/correlcore/pull/992
945,https://github.com/Sturmi77/correlcore/pull/945#pullrequestreview-5255049218,Review/Antwort,,AUD-07,"PR-Kontext, Einzelprüfung A11 offen",,unbekannt/nicht anwendbar,offen – Fix/Regressionstest prüfen,,,<!-- CURSOR_AUTOMATION_ID: 8040bfce-1dbd-47b2-9b9d-3569b54c343f | RUN_ID: bc-f6d01b05-0734-4344-b677-61f22890e2ec --> ## Risk assessment **Risk level: Medium** — human review requi,PR#945:review-summary,gebündelte Review-Zusammenfassung; technische Inline-Punkte separat dispositioniert,https://github.com/Sturmi77/correlcore/pull/945#pullrequestreview-5255049218 | AUD-07 -> A04/A05 | https://github.com/Sturmi77/correlcore/issues/979 | https://github.com/Sturmi77/correlcore/pull/993 | https://github.com/Sturmi77/correlcore/issues/989
945,https://github.com/Sturmi77/correlcore/pull/945#discussion_r4052619520,Inline,apps/web/src/routes/insights/report/+page.svelte,AUD-07,"PR-Kontext, Einzelprüfung A11 offen",PRRT_kwDOSH3SD86j-Ecl,false,offen – Fix/Regressionstest prüfen,,,**<sub><sub>![P1 Badge](https://img.shields.io/badge/P1-orange?style=flat)</sub></sub> Export report data instead of the full account dataset** When a user selects CSV or JSON from,PR#945:historical-inline,historischer Inline-Kontext; in AUD-07 / A04/A05 übertragen,https://github.com/Sturmi77/correlcore/pull/990 | https://github.com/Sturmi77/correlcore/issues/979 | https://github.com/Sturmi77/correlcore/pull/993 | https://github.com/Sturmi77/correlcore/issues/989
945,https://github.com/Sturmi77/correlcore/pull/945#discussion_r4052619524,Inline,apps/web/src/routes/insights/report/+page.svelte,AUD-07,"PR-Kontext, Einzelprüfung A11 offen",PRRT_kwDOSH3SD86j-Ecp,false,offen – Fix/Regressionstest prüfen,,,**<sub><sub>![P2 Badge](https://img.shields.io/badge/P2-yellow?style=flat)</sub></sub> Preserve the user's empty selection** When the user deselects the final row or unchecks “sele,PR#945:historical-inline,historischer Inline-Kontext; in AUD-07 / A04/A05 übertragen,https://github.com/Sturmi77/correlcore/pull/990 | https://github.com/Sturmi77/correlcore/issues/979 | https://github.com/Sturmi77/correlcore/pull/993 | https://github.com/Sturmi77/correlcore/issues/989
945,https://github.com/Sturmi77/correlcore/pull/945#discussion_r4052619525,Inline,apps/web/src/lib/utils/insightMatrixExport.ts,AUD-07,"PR-Kontext, Einzelprüfung A11 offen",PRRT_kwDOSH3SD86j-Ecq,false,offen – Fix/Regressionstest prüfen,,,"**<sub><sub>![P2 Badge](https://img.shields.io/badge/P2-yellow?style=flat)</sub></sub> Paginate rows before leaving the PDF page** For reports with more than 47 selected rows, this",PR#945:historical-inline,historischer Inline-Kontext; in AUD-07 / A04/A05 übertragen,https://github.com/Sturmi77/correlcore/pull/990 | https://github.com/Sturmi77/correlcore/issues/979 | https://github.com/Sturmi77/correlcore/pull/993 | https://github.com/Sturmi77/correlcore/issues/989
945,https://github.com/Sturmi77/correlcore/pull/945#discussion_r4052619527,Inline,apps/web/src/lib/utils/insightMatrixExport.ts,AUD-07,"PR-Kontext, Einzelprüfung A11 offen",PRRT_kwDOSH3SD86j-Ecr,false,offen – Fix/Regressionstest prüfen,,,**<sub><sub>![P2 Badge](https://img.shields.io/badge/P2-yellow?style=flat)</sub></sub> Encode non-ASCII labels for the PDF font** When a report contains a custom factor label with,PR#945:historical-inline,historischer Inline-Kontext; in AUD-07 / A04/A05 übertragen,https://github.com/Sturmi77/correlcore/pull/990 | https://github.com/Sturmi77/correlcore/issues/979 | https://github.com/Sturmi77/correlcore/pull/993 | https://github.com/Sturmi77/correlcore/issues/989
945,https://github.com/Sturmi77/correlcore/pull/945#discussion_r4052619529,Inline,apps/web/src/routes/insights/report/+page.svelte,AUD-07,"PR-Kontext, Einzelprüfung A11 offen",PRRT_kwDOSH3SD86j-Ecs,false,offen – Fix/Regressionstest prüfen,,,**<sub><sub>![P2 Badge](https://img.shields.io/badge/P2-yellow?style=flat)</sub></sub> Fetch all associations before filtering the report** For accounts with more than 50 current a,PR#945:historical-inline,historischer Inline-Kontext; in AUD-07 / A04/A05 übertragen,https://github.com/Sturmi77/correlcore/pull/990 | https://github.com/Sturmi77/correlcore/issues/979 | https://github.com/Sturmi77/correlcore/pull/993 | https://github.com/Sturmi77/correlcore/issues/989
945,https://github.com/Sturmi77/correlcore/pull/945#discussion_r4052619531,Inline,apps/web/src/lib/components/insights/InsightReportTable.svelte,AUD-07,"PR-Kontext, Einzelprüfung A11 offen",PRRT_kwDOSH3SD86j-Ecu,false,offen – Fix/Regressionstest prüfen,,,"**<sub><sub>![P2 Badge](https://img.shields.io/badge/P2-yellow?style=flat)</sub></sub> Label the displayed coefficient as an effect** These rows display `effect_size`, which the po",PR#945:historical-inline,historischer Inline-Kontext; in AUD-07 / A04/A05 übertragen,https://github.com/Sturmi77/correlcore/pull/990 | https://github.com/Sturmi77/correlcore/issues/979 | https://github.com/Sturmi77/correlcore/pull/993 | https://github.com/Sturmi77/correlcore/issues/989
945,https://github.com/Sturmi77/correlcore/pull/945#discussion_r4052619532,Inline,apps/web/src/lib/i18n/locales/en.json,AUD-07,"PR-Kontext, Einzelprüfung A11 offen",PRRT_kwDOSH3SD86j-Ecv,false,offen – Fix/Regressionstest prüfen,,,**<sub><sub>![P2 Badge](https://img.shields.io/badge/P2-yellow?style=flat)</sub></sub> Use non-causal wording for the metric column** The report's rows are produced from point-bise,PR#945:historical-inline,historischer Inline-Kontext; in AUD-07 / A04/A05 übertragen,https://github.com/Sturmi77/correlcore/pull/990 | https://github.com/Sturmi77/correlcore/issues/979 | https://github.com/Sturmi77/correlcore/pull/993 | https://github.com/Sturmi77/correlcore/issues/989
945,https://github.com/Sturmi77/correlcore/pull/945#discussion_r4052619538,Inline,apps/web/src/lib/components/insights/InsightReportTable.svelte,AUD-07,"PR-Kontext, Einzelprüfung A11 offen",PRRT_kwDOSH3SD86j-Ecy,false,offen – Fix/Regressionstest prüfen,,,"**<sub><sub>![P2 Badge](https://img.shields.io/badge/P2-yellow?style=flat)</sub></sub> Show the existing group denominators in coverage** For both report families, the backend alre",PR#945:historical-inline,historischer Inline-Kontext; in AUD-07 / A04/A05 übertragen,https://github.com/Sturmi77/correlcore/pull/990 | https://github.com/Sturmi77/correlcore/issues/979 | https://github.com/Sturmi77/correlcore/pull/993 | https://github.com/Sturmi77/correlcore/issues/989
945,https://github.com/Sturmi77/correlcore/pull/945#pullrequestreview-5255064907,Review/Antwort,,AUD-07,"PR-Kontext, Einzelprüfung A11 offen",,unbekannt/nicht anwendbar,offen – Fix/Regressionstest prüfen,,,### 💡 Codex Review Here are some automated review suggestions for this pull request. **Reviewed commit:** `719968e314` <details> <summary>ℹ️ About Codex in GitHub</summary> <br/>,PR#945:review-summary,gebündelte Review-Zusammenfassung; technische Inline-Punkte separat dispositioniert,https://github.com/Sturmi77/correlcore/pull/945#pullrequestreview-5255064907 | AUD-07 -> A04/A05 | https://github.com/Sturmi77/correlcore/issues/979 | https://github.com/Sturmi77/correlcore/pull/993 | https://github.com/Sturmi77/correlcore/issues/989
945,https://github.com/Sturmi77/correlcore/pull/945#issuecomment-5742420792,Review/Antwort,,AUD-07,"PR-Kontext, Einzelprüfung A11 offen",,unbekannt/nicht anwendbar,offen – Fix/Regressionstest prüfen,,,"Superseded by #954. #954 is the integrated tip for Phase 1-14 and contains this branch's history in full (`git rev-list feat/928-phase14-sleep-next-day..<this branch>` is empty), s",PR#945:review-summary,gebündelte Review-Zusammenfassung; technische Inline-Punkte separat dispositioniert,https://github.com/Sturmi77/correlcore/pull/945#issuecomment-5742420792 | AUD-07 -> A04/A05 | https://github.com/Sturmi77/correlcore/issues/979 | https://github.com/Sturmi77/correlcore/pull/993 | https://github.com/Sturmi77/correlcore/issues/989
944,https://github.com/Sturmi77/correlcore/pull/944#discussion_r4052578437,Inline,apps/web/src/lib/components/trends/UnifiedStripChart.svelte,AUD-14,"PR-Kontext, Einzelprüfung A11 offen",PRRT_kwDOSH3SD86j99yM,false,offen – Fix/Regressionstest prüfen,,,<!-- CURSOR_AUTOMATION_ID: 8040bfce-1dbd-47b2-9b9d-3569b54c343f | RUN_ID: bc-d57a5cbf-60e0-4ac7-b661-07f90f43ca39 --> Review focus: this remaps **all** markers through `remapEventM,PR#944:historical-inline,historischer Inline-Kontext; in AUD-14 / A04/A06 übertragen,https://github.com/Sturmi77/correlcore/pull/990 | https://github.com/Sturmi77/correlcore/issues/979 | https://github.com/Sturmi77/correlcore/pull/993 | https://github.com/Sturmi77/correlcore/issues/980 | https://github.com/Sturmi77/correlcore/pull/994
944,https://github.com/Sturmi77/correlcore/pull/944#discussion_r4052578440,Inline,apps/web/src/lib/components/trends/ComparisonHeatmap.svelte,AUD-14,"PR-Kontext, Einzelprüfung A11 offen",PRRT_kwDOSH3SD86j99yO,false,offen – Fix/Regressionstest prüfen,,,"<!-- CURSOR_AUTOMATION_ID: 8040bfce-1dbd-47b2-9b9d-3569b54c343f | RUN_ID: bc-d57a5cbf-60e0-4ac7-b661-07f90f43ca39 --> Heatmap clamps with `clampIsoDateToWindow` (calendar bounds),",PR#944:historical-inline,historischer Inline-Kontext; in AUD-14 / A04/A06 übertragen,https://github.com/Sturmi77/correlcore/pull/990 | https://github.com/Sturmi77/correlcore/issues/979 | https://github.com/Sturmi77/correlcore/pull/993 | https://github.com/Sturmi77/correlcore/issues/980 | https://github.com/Sturmi77/correlcore/pull/994
944,https://github.com/Sturmi77/correlcore/pull/944#pullrequestreview-5255017728,Review/Antwort,,AUD-14,"PR-Kontext, Einzelprüfung A11 offen",,unbekannt/nicht anwendbar,offen – Fix/Regressionstest prüfen,,,<!-- CURSOR_AUTOMATION_ID: 8040bfce-1dbd-47b2-9b9d-3569b54c343f | RUN_ID: bc-d57a5cbf-60e0-4ac7-b661-07f90f43ca39 --> ## Risk assessment: Medium **Review required. Not approved.**,PR#944:review-summary,gebündelte Review-Zusammenfassung; technische Inline-Punkte separat dispositioniert,https://github.com/Sturmi77/correlcore/pull/944#pullrequestreview-5255017728 | AUD-14 -> A04/A06 | https://github.com/Sturmi77/correlcore/issues/979 | https://github.com/Sturmi77/correlcore/pull/993 | https://github.com/Sturmi77/correlcore/issues/980 | https://github.com/Sturmi77/correlcore/pull/994
944,https://github.com/Sturmi77/correlcore/pull/944#discussion_r4052584828,Inline,backend/app/services/insights/changepoint.py,AUD-14,"PR-Kontext, Einzelprüfung A11 offen",PRRT_kwDOSH3SD86j9-1r,false,offen – Fix/Regressionstest prüfen,,,**<sub><sub>![P2 Badge](https://img.shields.io/badge/P2-yellow?style=flat)</sub></sub> Preserve changepoint identity during the label migration** For users who already have generat,PR#944:historical-inline,historischer Inline-Kontext; in AUD-14 / A04/A06 übertragen,https://github.com/Sturmi77/correlcore/pull/990 | https://github.com/Sturmi77/correlcore/issues/979 | https://github.com/Sturmi77/correlcore/pull/993 | https://github.com/Sturmi77/correlcore/issues/980 | https://github.com/Sturmi77/correlcore/pull/994
944,https://github.com/Sturmi77/correlcore/pull/944#pullrequestreview-5255025730,Review/Antwort,,AUD-14,"PR-Kontext, Einzelprüfung A11 offen",,unbekannt/nicht anwendbar,offen – Fix/Regressionstest prüfen,,,### 💡 Codex Review Here are some automated review suggestions for this pull request. **Reviewed commit:** `b67b153ec4` <details> <summary>ℹ️ About Codex in GitHub</summary> <br/>,PR#944:review-summary,gebündelte Review-Zusammenfassung; technische Inline-Punkte separat dispositioniert,https://github.com/Sturmi77/correlcore/pull/944#pullrequestreview-5255025730 | AUD-14 -> A04/A06 | https://github.com/Sturmi77/correlcore/issues/979 | https://github.com/Sturmi77/correlcore/pull/993 | https://github.com/Sturmi77/correlcore/issues/980 | https://github.com/Sturmi77/correlcore/pull/994
944,https://github.com/Sturmi77/correlcore/pull/944#issuecomment-5742423056,Review/Antwort,,AUD-14,"PR-Kontext, Einzelprüfung A11 offen",,unbekannt/nicht anwendbar,offen – Fix/Regressionstest prüfen,,,"Superseded by #954. This branch's commit is not in #954, but its functionality is: Phase 13 re-implemented changepoints on top of it, extending the single mood series to mood/stres",PR#944:review-summary,gebündelte Review-Zusammenfassung; technische Inline-Punkte separat dispositioniert,https://github.com/Sturmi77/correlcore/pull/944#issuecomment-5742423056 | AUD-14 -> A04/A06 | https://github.com/Sturmi77/correlcore/issues/979 | https://github.com/Sturmi77/correlcore/pull/993 | https://github.com/Sturmi77/correlcore/issues/980 | https://github.com/Sturmi77/correlcore/pull/994
943,https://github.com/Sturmi77/correlcore/pull/943#pullrequestreview-5254962317,Review/Antwort,,AUD-14,"PR-Kontext, Einzelprüfung A11 offen",,unbekannt/nicht anwendbar,offen – Fix/Regressionstest prüfen,,,<!-- CURSOR_AUTOMATION_ID: 8040bfce-1dbd-47b2-9b9d-3569b54c343f | RUN_ID: bc-b7a2e84d-2ac2-495a-94b1-6d9886d77fb4 --> ## Risk assessment: **Low** Reviewed from the diff only (3 fil,PR#943:review-summary,gebündelte Review-Zusammenfassung; technische Inline-Punkte separat dispositioniert,https://github.com/Sturmi77/correlcore/pull/943#pullrequestreview-5254962317 | AUD-14 -> A04/A06 | https://github.com/Sturmi77/correlcore/issues/979 | https://github.com/Sturmi77/correlcore/pull/993 | https://github.com/Sturmi77/correlcore/issues/980 | https://github.com/Sturmi77/correlcore/pull/994
943,https://github.com/Sturmi77/correlcore/pull/943#pullrequestreview-5254965888,Review/Antwort,,AUD-14,"PR-Kontext, Einzelprüfung A11 offen",,unbekannt/nicht anwendbar,offen – Fix/Regressionstest prüfen,,,### 💡 Codex Review Here are some automated review suggestions for this pull request. **Reviewed commit:** `e3145e0c15` <details> <summary>ℹ️ About Codex in GitHub</summary> <br/>,PR#943:review-summary,gebündelte Review-Zusammenfassung; technische Inline-Punkte separat dispositioniert,https://github.com/Sturmi77/correlcore/pull/943#pullrequestreview-5254965888 | AUD-14 -> A04/A06 | https://github.com/Sturmi77/correlcore/issues/979 | https://github.com/Sturmi77/correlcore/pull/993 | https://github.com/Sturmi77/correlcore/issues/980 | https://github.com/Sturmi77/correlcore/pull/994
943,https://github.com/Sturmi77/correlcore/pull/943#discussion_r4052528745,Inline,backend/app/services/insights/changepoint.py,AUD-14,"PR-Kontext, Einzelprüfung A11 offen",PRRT_kwDOSH3SD86j91gr,false,offen – Fix/Regressionstest prüfen,,,**<sub><sub>![P2 Badge](https://img.shields.io/badge/P2-yellow?style=flat)</sub></sub> Preserve changepoint identity across the label migration** For users who already have generat,PR#943:historical-inline,historischer Inline-Kontext; in AUD-14 / A04/A06 übertragen,https://github.com/Sturmi77/correlcore/pull/990 | https://github.com/Sturmi77/correlcore/issues/979 | https://github.com/Sturmi77/correlcore/pull/993 | https://github.com/Sturmi77/correlcore/issues/980 | https://github.com/Sturmi77/correlcore/pull/994
943,https://github.com/Sturmi77/correlcore/pull/943#discussion_r4052528747,Inline,backend/app/services/insights/changepoint.py,AUD-14,"PR-Kontext, Einzelprüfung A11 offen",PRRT_kwDOSH3SD86j91gt,false,offen – Fix/Regressionstest prüfen,,,"**<sub><sub>![P2 Badge](https://img.shields.io/badge/P2-yellow?style=flat)</sub></sub> Describe the boundary dates in chronological order** For every detected shift, `changepoint_d",PR#943:historical-inline,historischer Inline-Kontext; in AUD-14 / A04/A06 übertragen,https://github.com/Sturmi77/correlcore/pull/990 | https://github.com/Sturmi77/correlcore/issues/979 | https://github.com/Sturmi77/correlcore/pull/993 | https://github.com/Sturmi77/correlcore/issues/980 | https://github.com/Sturmi77/correlcore/pull/994
943,https://github.com/Sturmi77/correlcore/pull/943#issuecomment-5742422830,Review/Antwort,,AUD-14,"PR-Kontext, Einzelprüfung A11 offen",,unbekannt/nicht anwendbar,offen – Fix/Regressionstest prüfen,,,"Superseded by #954. This branch's commit is not in #954, but its functionality is: Phase 13 re-implemented changepoints on top of it, extending the single mood series to mood/stres",PR#943:review-summary,gebündelte Review-Zusammenfassung; technische Inline-Punkte separat dispositioniert,https://github.com/Sturmi77/correlcore/pull/943#issuecomment-5742422830 | AUD-14 -> A04/A06 | https://github.com/Sturmi77/correlcore/issues/979 | https://github.com/Sturmi77/correlcore/pull/993 | https://github.com/Sturmi77/correlcore/issues/980 | https://github.com/Sturmi77/correlcore/pull/994
942,https://github.com/Sturmi77/correlcore/pull/942#pullrequestreview-5254932969,Review/Antwort,,AUD-38,"PR-Kontext, Einzelprüfung A11 offen",,unbekannt/nicht anwendbar,offen – Fix/Regressionstest prüfen,,,<!-- CURSOR_AUTOMATION_ID: 8040bfce-1dbd-47b2-9b9d-3569b54c343f | RUN_ID: bc-efae3e62-5648-477e-82e6-3be9c2de1786 --> ## Risk assessment: Low **Decision:** Approve. No additional r,PR#942:review-summary,gebündelte Review-Zusammenfassung; technische Inline-Punkte separat dispositioniert,https://github.com/Sturmi77/correlcore/pull/942#pullrequestreview-5254932969 | AUD-38 -> A10 | https://github.com/Sturmi77/correlcore/issues/984
941,https://github.com/Sturmi77/correlcore/pull/941#pullrequestreview-5254915835,Review/Antwort,,AUD-16,"PR-Kontext, Einzelprüfung A11 offen",,unbekannt/nicht anwendbar,offen – Fix/Regressionstest prüfen,,,<!-- CURSOR_AUTOMATION_ID: 8040bfce-1dbd-47b2-9b9d-3569b54c343f | RUN_ID: bc-468b6c04-cad3-4817-9097-270c784448a2 --> ## Risk assessment: Medium-High Code review is **required**. T,PR#941:review-summary,gebündelte Review-Zusammenfassung; technische Inline-Punkte separat dispositioniert,https://github.com/Sturmi77/correlcore/pull/941#pullrequestreview-5254915835 | AUD-16 -> A07 | https://github.com/Sturmi77/correlcore/issues/981 | https://github.com/Sturmi77/correlcore/pull/995
941,https://github.com/Sturmi77/correlcore/pull/941#pullrequestreview-5254925534,Review/Antwort,,AUD-16,"PR-Kontext, Einzelprüfung A11 offen",,unbekannt/nicht anwendbar,offen – Fix/Regressionstest prüfen,,,### 💡 Codex Review Here are some automated review suggestions for this pull request. **Reviewed commit:** `0f5c565ad0` <details> <summary>ℹ️ About Codex in GitHub</summary> <br/>,PR#941:review-summary,gebündelte Review-Zusammenfassung; technische Inline-Punkte separat dispositioniert,https://github.com/Sturmi77/correlcore/pull/941#pullrequestreview-5254925534 | AUD-16 -> A07 | https://github.com/Sturmi77/correlcore/issues/981 | https://github.com/Sturmi77/correlcore/pull/995
941,https://github.com/Sturmi77/correlcore/pull/941#discussion_r4052492181,Inline,apps/web/src/lib/utils/trendWindowDays.ts,AUD-16,"PR-Kontext, Einzelprüfung A11 offen",PRRT_kwDOSH3SD86j9vhy,false,offen – Fix/Regressionstest prüfen,,,"**<sub><sub>![P1 Badge](https://img.shields.io/badge/P1-orange?style=flat)</sub></sub> Fetch the exact selected analysis window** When the user selects 14 days, this mapping reques",PR#941:historical-inline,historischer Inline-Kontext; in AUD-16 / A07 übertragen,https://github.com/Sturmi77/correlcore/pull/990 | https://github.com/Sturmi77/correlcore/issues/981 | https://github.com/Sturmi77/correlcore/pull/995
941,https://github.com/Sturmi77/correlcore/pull/941#discussion_r4052492184,Inline,apps/web/src/lib/components/trends/TrendsComparePanel.svelte,AUD-16,"PR-Kontext, Einzelprüfung A11 offen",PRRT_kwDOSH3SD86j9vh1,false,offen – Fix/Regressionstest prüfen,,,"**<sub><sub>![P2 Badge](https://img.shields.io/badge/P2-yellow?style=flat)</sub></sub> Include the second pinned row in the ESM question** When two Compare rows are pinned, this ha",PR#941:historical-inline,historischer Inline-Kontext; in AUD-16 / A07 übertragen,https://github.com/Sturmi77/correlcore/pull/990 | https://github.com/Sturmi77/correlcore/issues/981 | https://github.com/Sturmi77/correlcore/pull/995
941,https://github.com/Sturmi77/correlcore/pull/941#discussion_r4052492186,Inline,apps/web/src/routes/trends/+page.svelte,AUD-16,"PR-Kontext, Einzelprüfung A11 offen",PRRT_kwDOSH3SD86j9vh3,false,offen – Fix/Regressionstest prüfen,,,**<sub><sub>![P2 Badge](https://img.shields.io/badge/P2-yellow?style=flat)</sub></sub> Prevent older range requests from overwriting newer choices** When a user changes the range t,PR#941:historical-inline,historischer Inline-Kontext; in AUD-16 / A07 übertragen,https://github.com/Sturmi77/correlcore/pull/990 | https://github.com/Sturmi77/correlcore/issues/981 | https://github.com/Sturmi77/correlcore/pull/995
941,https://github.com/Sturmi77/correlcore/pull/941#discussion_r4052492188,Inline,apps/web/src/routes/insights/+page.svelte,AUD-16,"PR-Kontext, Einzelprüfung A11 offen",PRRT_kwDOSH3SD86j9vh5,false,offen – Fix/Regressionstest prüfen,,,**<sub><sub>![P2 Badge](https://img.shields.io/badge/P2-yellow?style=flat)</sub></sub> Surface or retry failed preference updates** When the preference PATCH fails because the clie,PR#941:historical-inline,historischer Inline-Kontext; in AUD-16 / A07 übertragen,https://github.com/Sturmi77/correlcore/pull/990 | https://github.com/Sturmi77/correlcore/issues/981 | https://github.com/Sturmi77/correlcore/pull/995
941,https://github.com/Sturmi77/correlcore/pull/941#discussion_r4052492190,Inline,backend/app/services/dashboard_service.py,AUD-16,"PR-Kontext, Einzelprüfung A11 offen",PRRT_kwDOSH3SD86j9vh6,false,offen – Fix/Regressionstest prüfen,,,**<sub><sub>![P2 Badge](https://img.shields.io/badge/P2-yellow?style=flat)</sub></sub> Avoid racing preference creation from the Home requests** For an account without a `user_pref,PR#941:historical-inline,historischer Inline-Kontext; in AUD-16 / A07 übertragen,https://github.com/Sturmi77/correlcore/pull/990 | https://github.com/Sturmi77/correlcore/issues/981 | https://github.com/Sturmi77/correlcore/pull/995
941,https://github.com/Sturmi77/correlcore/pull/941#issuecomment-5742420503,Review/Antwort,,AUD-16,"PR-Kontext, Einzelprüfung A11 offen",,unbekannt/nicht anwendbar,offen – Fix/Regressionstest prüfen,,,"Superseded by #954. #954 is the integrated tip for Phase 1-14 and contains this branch's history in full (`git rev-list feat/928-phase14-sleep-next-day..<this branch>` is empty), s",PR#941:review-summary,gebündelte Review-Zusammenfassung; technische Inline-Punkte separat dispositioniert,https://github.com/Sturmi77/correlcore/pull/941#issuecomment-5742420503 | AUD-16 -> A07 | https://github.com/Sturmi77/correlcore/issues/981 | https://github.com/Sturmi77/correlcore/pull/995
940,https://github.com/Sturmi77/correlcore/pull/940#pullrequestreview-5254872579,Review/Antwort,,AUD-12,"PR-Kontext, Einzelprüfung A11 offen",,unbekannt/nicht anwendbar,offen – Fix/Regressionstest prüfen,,,<!-- CURSOR_AUTOMATION_ID: 8040bfce-1dbd-47b2-9b9d-3569b54c343f | RUN_ID: bc-61526821-8552-4097-99db-e7f824a8fbc0 --> ## Risk assessment: **Medium** Review is required. This automa,PR#940:review-summary,gebündelte Review-Zusammenfassung; technische Inline-Punkte separat dispositioniert,https://github.com/Sturmi77/correlcore/pull/940#pullrequestreview-5254872579 | AUD-12 -> A06 | https://github.com/Sturmi77/correlcore/issues/980 | https://github.com/Sturmi77/correlcore/pull/994
940,https://github.com/Sturmi77/correlcore/pull/940#pullrequestreview-5254881214,Review/Antwort,,AUD-12,"PR-Kontext, Einzelprüfung A11 offen",,unbekannt/nicht anwendbar,offen – Fix/Regressionstest prüfen,,,### 💡 Codex Review Here are some automated review suggestions for this pull request. **Reviewed commit:** `bf54a038af` <details> <summary>ℹ️ About Codex in GitHub</summary> <br/>,PR#940:review-summary,gebündelte Review-Zusammenfassung; technische Inline-Punkte separat dispositioniert,https://github.com/Sturmi77/correlcore/pull/940#pullrequestreview-5254881214 | AUD-12 -> A06 | https://github.com/Sturmi77/correlcore/issues/980 | https://github.com/Sturmi77/correlcore/pull/994
940,https://github.com/Sturmi77/correlcore/pull/940#discussion_r4052457860,Inline,apps/web/src/lib/components/trends/HabitDetailBody.svelte,AUD-12,"PR-Kontext, Einzelprüfung A11 offen",PRRT_kwDOSH3SD86j9p8t,false,offen – Fix/Regressionstest prüfen,,,**<sub><sub>![P1 Badge](https://img.shields.io/badge/P1-orange?style=flat)</sub></sub> Keep effect size out of the confidence meter** When the latest habit insight has a large effe,PR#940:historical-inline,historischer Inline-Kontext; in AUD-12 / A06 übertragen,https://github.com/Sturmi77/correlcore/pull/990 | https://github.com/Sturmi77/correlcore/issues/980 | https://github.com/Sturmi77/correlcore/pull/994
940,https://github.com/Sturmi77/correlcore/pull/940#discussion_r4052457862,Inline,apps/web/src/lib/utils/tagCooccurrenceMatrix.ts,AUD-12,"PR-Kontext, Einzelprüfung A11 offen",PRRT_kwDOSH3SD86j9p8u,false,offen – Fix/Regressionstest prüfen,,,**<sub><sub>![P2 Badge](https://img.shields.io/badge/P2-yellow?style=flat)</sub></sub> Return exact co-occurrence denominators** The API rounds `pct_of_a` and `pct_of_b` to one dec,PR#940:historical-inline,historischer Inline-Kontext; in AUD-12 / A06 übertragen,https://github.com/Sturmi77/correlcore/pull/990 | https://github.com/Sturmi77/correlcore/issues/980 | https://github.com/Sturmi77/correlcore/pull/994
940,https://github.com/Sturmi77/correlcore/pull/940#discussion_r4052457864,Inline,apps/web/src/lib/i18n/locales/en.json,AUD-12,"PR-Kontext, Einzelprüfung A11 offen",PRRT_kwDOSH3SD86j9p8x,false,offen – Fix/Regressionstest prüfen,,,**<sub><sub>![P2 Badge](https://img.shields.io/badge/P2-yellow?style=flat)</sub></sub> Label co-occurrence observations as entries** When a user has multiple entry slots on the sam,PR#940:historical-inline,historischer Inline-Kontext; in AUD-12 / A06 übertragen,https://github.com/Sturmi77/correlcore/pull/990 | https://github.com/Sturmi77/correlcore/issues/980 | https://github.com/Sturmi77/correlcore/pull/994
940,https://github.com/Sturmi77/correlcore/pull/940#discussion_r4052457867,Inline,apps/web/src/lib/components/insights/InsightMatrix.svelte,AUD-12,"PR-Kontext, Einzelprüfung A11 offen",PRRT_kwDOSH3SD86j9p8y,false,offen – Fix/Regressionstest prüfen,,,"**<sub><sub>![P2 Badge](https://img.shields.io/badge/P2-yellow?style=flat)</sub></sub> Update the mobile grid for the fifth matrix column** On viewports at or below 767px, adding t",PR#940:historical-inline,historischer Inline-Kontext; in AUD-12 / A06 übertragen,https://github.com/Sturmi77/correlcore/pull/990 | https://github.com/Sturmi77/correlcore/issues/980 | https://github.com/Sturmi77/correlcore/pull/994
940,https://github.com/Sturmi77/correlcore/pull/940#discussion_r4052457869,Inline,apps/web/src/lib/i18n/locales/en.json,AUD-12,"PR-Kontext, Einzelprüfung A11 offen",PRRT_kwDOSH3SD86j9p80,false,offen – Fix/Regressionstest prüfen,,,"**<sub><sub>![P2 Badge](https://img.shields.io/badge/P2-yellow?style=flat)</sub></sub> Update the exported matrix title after the rename** When a user selects “Export PNG,” the dow",PR#940:historical-inline,historischer Inline-Kontext; in AUD-12 / A06 übertragen,https://github.com/Sturmi77/correlcore/pull/990 | https://github.com/Sturmi77/correlcore/issues/980 | https://github.com/Sturmi77/correlcore/pull/994
940,https://github.com/Sturmi77/correlcore/pull/940#issuecomment-5742420318,Review/Antwort,,AUD-12,"PR-Kontext, Einzelprüfung A11 offen",,unbekannt/nicht anwendbar,offen – Fix/Regressionstest prüfen,,,"Superseded by #954. #954 is the integrated tip for Phase 1-14 and contains this branch's history in full (`git rev-list feat/928-phase14-sleep-next-day..<this branch>` is empty), s",PR#940:review-summary,gebündelte Review-Zusammenfassung; technische Inline-Punkte separat dispositioniert,https://github.com/Sturmi77/correlcore/pull/940#issuecomment-5742420318 | AUD-12 -> A06 | https://github.com/Sturmi77/correlcore/issues/980 | https://github.com/Sturmi77/correlcore/pull/994
932,https://github.com/Sturmi77/correlcore/pull/932#pullrequestreview-5247627261,Review/Antwort,,AUD-36,"PR-Kontext, Einzelprüfung A11 offen",,unbekannt/nicht anwendbar,offen – Fix/Regressionstest prüfen,,,<!-- CURSOR_AUTOMATION_ID: 8040bfce-1dbd-47b2-9b9d-3569b54c343f | RUN_ID: bc-e1f2aa66-07f6-4499-a196-7810e687873c --> ## Risk assessment: Very Low **Verdict:** Safe to approve. No,PR#932:review-summary,gebündelte Review-Zusammenfassung; technische Inline-Punkte separat dispositioniert,https://github.com/Sturmi77/correlcore/pull/932#pullrequestreview-5247627261 | AUD-36 -> A11 | https://github.com/Sturmi77/correlcore/issues/985
932,https://github.com/Sturmi77/correlcore/pull/932#discussion_r4046630778,Inline,docs/adr/0043-insight-surface-layers.md,AUD-36,"PR-Kontext, Einzelprüfung A11 offen",PRRT_kwDOSH3SD86jvCuS,false,offen – Fix/Regressionstest prüfen,,,"**<sub><sub>![P1 Badge](https://img.shields.io/badge/P1-orange?style=flat)</sub></sub> Limit natural frequencies to genuinely binary outcomes** For continuous insight families, thi",PR#932:historical-inline,historischer Inline-Kontext; in AUD-36 / A11 übertragen,https://github.com/Sturmi77/correlcore/pull/990 | https://github.com/Sturmi77/correlcore/issues/985
932,https://github.com/Sturmi77/correlcore/pull/932#discussion_r4046630788,Inline,docs/adr/0043-insight-surface-layers.md,AUD-36,"PR-Kontext, Einzelprüfung A11 offen",PRRT_kwDOSH3SD86jvCuY,false,offen – Fix/Regressionstest prüfen,,,**<sub><sub>![P2 Badge](https://img.shields.io/badge/P2-yellow?style=flat)</sub></sub> Preserve the data-portability export in Settings** Restricting all export controls to layer 4,PR#932:historical-inline,historischer Inline-Kontext; in AUD-36 / A11 übertragen,https://github.com/Sturmi77/correlcore/pull/990 | https://github.com/Sturmi77/correlcore/issues/985
932,https://github.com/Sturmi77/correlcore/pull/932#discussion_r4046630794,Inline,docs/adr/0043-insight-surface-layers.md,AUD-36,"PR-Kontext, Einzelprüfung A11 offen",PRRT_kwDOSH3SD86jvCub,false,offen – Fix/Regressionstest prüfen,,,**<sub><sub>![P1 Badge](https://img.shields.io/badge/P1-orange?style=flat)</sub></sub> Require equivalence evidence before declaring a non-result** When a failed significance or ef,PR#932:historical-inline,historischer Inline-Kontext; in AUD-36 / A11 übertragen,https://github.com/Sturmi77/correlcore/pull/990 | https://github.com/Sturmi77/correlcore/issues/985
932,https://github.com/Sturmi77/correlcore/pull/932#discussion_r4046630800,Inline,docs/adr/0017-frontend-screen-architecture.md,AUD-36,"PR-Kontext, Einzelprüfung A11 offen",PRRT_kwDOSH3SD86jvCuf,false,offen – Fix/Regressionstest prüfen,,,**<sub><sub>![P2 Badge](https://img.shields.io/badge/P2-yellow?style=flat)</sub></sub> Retire the prior card-disclosure requirements** The assertion that only these two items are a,PR#932:historical-inline,historischer Inline-Kontext; in AUD-36 / A11 übertragen,https://github.com/Sturmi77/correlcore/pull/990 | https://github.com/Sturmi77/correlcore/issues/985
932,https://github.com/Sturmi77/correlcore/pull/932#discussion_r4046630805,Inline,docs/adr/0017-frontend-screen-architecture.md,AUD-36,"PR-Kontext, Einzelprüfung A11 offen",PRRT_kwDOSH3SD86jvCuj,false,offen – Fix/Regressionstest prüfen,,,"**<sub><sub>![P2 Badge](https://img.shields.io/badge/P2-yellow?style=flat)</sub></sub> Keep the amendment proposed until ADR-0043 is accepted** ADR-0043 is still marked `Proposed`,",PR#932:historical-inline,historischer Inline-Kontext; in AUD-36 / A11 übertragen,https://github.com/Sturmi77/correlcore/pull/990 | https://github.com/Sturmi77/correlcore/issues/985
932,https://github.com/Sturmi77/correlcore/pull/932#discussion_r4046630811,Inline,docs/adr/0043-insight-surface-layers.md,AUD-36,"PR-Kontext, Einzelprüfung A11 offen",PRRT_kwDOSH3SD86jvCum,false,offen – Fix/Regressionstest prüfen,,,**<sub><sub>![P2 Badge](https://img.shields.io/badge/P2-yellow?style=flat)</sub></sub> Extract the matrix export into the report surface** This consequence says the existing compon,PR#932:historical-inline,historischer Inline-Kontext; in AUD-36 / A11 übertragen,https://github.com/Sturmi77/correlcore/pull/990 | https://github.com/Sturmi77/correlcore/issues/985
932,https://github.com/Sturmi77/correlcore/pull/932#pullrequestreview-5247663292,Review/Antwort,,AUD-36,"PR-Kontext, Einzelprüfung A11 offen",,unbekannt/nicht anwendbar,offen – Fix/Regressionstest prüfen,,,### 💡 Codex Review Here are some automated review suggestions for this pull request. **Reviewed commit:** `e34206d27b` <details> <summary>ℹ️ About Codex in GitHub</summary> <br/>,PR#932:review-summary,gebündelte Review-Zusammenfassung; technische Inline-Punkte separat dispositioniert,https://github.com/Sturmi77/correlcore/pull/932#pullrequestreview-5247663292 | AUD-36 -> A11 | https://github.com/Sturmi77/correlcore/issues/985
929,https://github.com/Sturmi77/correlcore/pull/929#pullrequestreview-5245587387,Review/Antwort,,AUD-36,"PR-Kontext, Einzelprüfung A11 offen",,unbekannt/nicht anwendbar,offen – Fix/Regressionstest prüfen,,,<!-- CURSOR_AUTOMATION_ID: 8040bfce-1dbd-47b2-9b9d-3569b54c343f | RUN_ID: bc-7ce091bd-0b34-4771-a334-7644a34eaf87 --> ## Risk assessment: Very Low **Code review required:** No — ap,PR#929:review-summary,gebündelte Review-Zusammenfassung; technische Inline-Punkte separat dispositioniert,https://github.com/Sturmi77/correlcore/pull/929#pullrequestreview-5245587387 | AUD-36 -> A11 | https://github.com/Sturmi77/correlcore/issues/985
929,https://github.com/Sturmi77/correlcore/pull/929#discussion_r4044969381,Inline,docs/frontend/VISUALIZATION_INVENTORY_2026-09-17.md,AUD-36,"PR-Kontext, Einzelprüfung A11 offen",PRRT_kwDOSH3SD86jqy5a,false,offen – Fix/Regressionstest prüfen,,,"**<sub><sub>![P2 Badge](https://img.shields.io/badge/P2-yellow?style=flat)</sub></sub> Separate range-scoped panels from generated insights** When a user changes `analysisRange`, o",PR#929:historical-inline,historischer Inline-Kontext; in AUD-36 / A11 übertragen,https://github.com/Sturmi77/correlcore/pull/990 | https://github.com/Sturmi77/correlcore/issues/985
929,https://github.com/Sturmi77/correlcore/pull/929#discussion_r4044969385,Inline,docs/assets/visualization_inventory/src/mocks_d.py,AUD-36,"PR-Kontext, Einzelprüfung A11 offen",PRRT_kwDOSH3SD86jqy5d,false,offen – Fix/Regressionstest prüfen,,,**<sub><sub>![P2 Badge](https://img.shields.io/badge/P2-yellow?style=flat)</sub></sub> Correct the maturity state shown in M15** With the depicted entry coverage of 78 tracked days,PR#929:historical-inline,historischer Inline-Kontext; in AUD-36 / A11 übertragen,https://github.com/Sturmi77/correlcore/pull/990 | https://github.com/Sturmi77/correlcore/issues/985
929,https://github.com/Sturmi77/correlcore/pull/929#discussion_r4044969391,Inline,docs/assets/visualization_inventory/src/mocks_a.py,AUD-36,"PR-Kontext, Einzelprüfung A11 offen",PRRT_kwDOSH3SD86jqy5h,false,offen – Fix/Regressionstest prüfen,,,"**<sub><sub>![P2 Badge](https://img.shields.io/badge/P2-yellow?style=flat)</sub></sub> Remove the six-month label from Compare mockups** For the existing Compare surface, the route",PR#929:historical-inline,historischer Inline-Kontext; in AUD-36 / A11 übertragen,https://github.com/Sturmi77/correlcore/pull/990 | https://github.com/Sturmi77/correlcore/issues/985
929,https://github.com/Sturmi77/correlcore/pull/929#discussion_r4044969397,Inline,docs/assets/visualization_inventory/src/mocks_c.py,AUD-36,"PR-Kontext, Einzelprüfung A11 offen",PRRT_kwDOSH3SD86jqy5l,false,offen – Fix/Regressionstest prüfen,,,**<sub><sub>![P2 Badge](https://img.shields.io/badge/P2-yellow?style=flat)</sub></sub> Attach the uncertainty ribbon to the mood series** The real `SymptomTrendOverlay` constructs,PR#929:historical-inline,historischer Inline-Kontext; in AUD-36 / A11 übertragen,https://github.com/Sturmi77/correlcore/pull/990 | https://github.com/Sturmi77/correlcore/issues/985
929,https://github.com/Sturmi77/correlcore/pull/929#pullrequestreview-5245646962,Review/Antwort,,AUD-36,"PR-Kontext, Einzelprüfung A11 offen",,unbekannt/nicht anwendbar,offen – Fix/Regressionstest prüfen,,,### 💡 Codex Review Here are some automated review suggestions for this pull request. **Reviewed commit:** `12cc955561` <details> <summary>ℹ️ About Codex in GitHub</summary> <br/>,PR#929:review-summary,gebündelte Review-Zusammenfassung; technische Inline-Punkte separat dispositioniert,https://github.com/Sturmi77/correlcore/pull/929#pullrequestreview-5245646962 | AUD-36 -> A11 | https://github.com/Sturmi77/correlcore/issues/985
929,https://github.com/Sturmi77/correlcore/pull/929#discussion_r4044969401,Inline,docs/assets/visualization_inventory/src/mocks_b.py,AUD-36,"PR-Kontext, Einzelprüfung A11 offen",PRRT_kwDOSH3SD86jqy5p,false,offen – Fix/Regressionstest prüfen,,,**<sub><sub>![P2 Badge](https://img.shields.io/badge/P2-yellow?style=flat)</sub></sub> Use a lag statement on the card that shows a lag profile** An `InsightCard` renders these bar,PR#929:historical-inline,historischer Inline-Kontext; in AUD-36 / A11 übertragen,https://github.com/Sturmi77/correlcore/pull/990 | https://github.com/Sturmi77/correlcore/issues/985
929,https://github.com/Sturmi77/correlcore/pull/929#discussion_r4044969405,Inline,docs/assets/visualization_inventory/src/mocks_c.py,AUD-36,"PR-Kontext, Einzelprüfung A11 offen",PRRT_kwDOSH3SD86jqy5t,false,offen – Fix/Regressionstest prüfen,,,**<sub><sub>![P2 Badge](https://img.shields.io/badge/P2-yellow?style=flat)</sub></sub> Keep the calendar total in sync with generated cells** The deterministic grid generated immed,PR#929:historical-inline,historischer Inline-Kontext; in AUD-36 / A11 übertragen,https://github.com/Sturmi77/correlcore/pull/990 | https://github.com/Sturmi77/correlcore/issues/985
929,https://github.com/Sturmi77/correlcore/pull/929#discussion_r4044969414,Inline,docs/assets/visualization_inventory/src/mocks_c.py,AUD-36,"PR-Kontext, Einzelprüfung A11 offen",PRRT_kwDOSH3SD86jqy50,false,offen – Fix/Regressionstest prüfen,,,**<sub><sub>![P2 Badge](https://img.shields.io/badge/P2-yellow?style=flat)</sub></sub> Derive event split counts from the displayed windows** This mock renders four onset rows and,PR#929:historical-inline,historischer Inline-Kontext; in AUD-36 / A11 übertragen,https://github.com/Sturmi77/correlcore/pull/990 | https://github.com/Sturmi77/correlcore/issues/985
929,https://github.com/Sturmi77/correlcore/pull/929#discussion_r4044969415,Inline,docs/assets/visualization_inventory/src/mocks_b.py,AUD-36,"PR-Kontext, Einzelprüfung A11 offen",PRRT_kwDOSH3SD86jqy51,false,offen – Fix/Regressionstest prüfen,,,**<sub><sub>![P2 Badge](https://img.shields.io/badge/P2-yellow?style=flat)</sub></sub> Distinguish tag-cluster cohesion from raw co-occurrence** `TagCooccurrenceHeatmap` displays a,PR#929:historical-inline,historischer Inline-Kontext; in AUD-36 / A11 übertragen,https://github.com/Sturmi77/correlcore/pull/990 | https://github.com/Sturmi77/correlcore/issues/985
929,https://github.com/Sturmi77/correlcore/pull/929#discussion_r4044969422,Inline,docs/assets/visualization_inventory/src/mocks_d.py,AUD-36,"PR-Kontext, Einzelprüfung A11 offen",PRRT_kwDOSH3SD86jqy57,false,offen – Fix/Regressionstest prüfen,,,"**<sub><sub>![P2 Badge](https://img.shields.io/badge/P2-yellow?style=flat)</sub></sub> Apply reduce-habit adherence semantics in M14** For a `reduce` habit, the backend returns 100",PR#929:historical-inline,historischer Inline-Kontext; in AUD-36 / A11 übertragen,https://github.com/Sturmi77/correlcore/pull/990 | https://github.com/Sturmi77/correlcore/issues/985
929,https://github.com/Sturmi77/correlcore/pull/929#discussion_r4044969424,Inline,docs/assets/visualization_inventory/src/mocks_d.py,AUD-36,"PR-Kontext, Einzelprüfung A11 offen",PRRT_kwDOSH3SD86jqy59,false,offen – Fix/Regressionstest prüfen,,,**<sub><sub>![P2 Badge](https://img.shields.io/badge/P2-yellow?style=flat)</sub></sub> Base G1 on a signal the product actually records** CorrelCore records Sport as binary tag pre,PR#929:historical-inline,historischer Inline-Kontext; in AUD-36 / A11 übertragen,https://github.com/Sturmi77/correlcore/pull/990 | https://github.com/Sturmi77/correlcore/issues/985
929,https://github.com/Sturmi77/correlcore/pull/929#discussion_r4044969431,Inline,docs/assets/visualization_inventory/src/mocks_d.py,AUD-36,"PR-Kontext, Einzelprüfung A11 offen",PRRT_kwDOSH3SD86jqy6A,false,offen – Fix/Regressionstest prüfen,,,**<sub><sub>![P2 Badge](https://img.shields.io/badge/P2-yellow?style=flat)</sub></sub> Do not equate confidence bands with intervals crossing zero** The weak Matrix disclosure is b,PR#929:historical-inline,historischer Inline-Kontext; in AUD-36 / A11 übertragen,https://github.com/Sturmi77/correlcore/pull/990 | https://github.com/Sturmi77/correlcore/issues/985
929,https://github.com/Sturmi77/correlcore/pull/929#discussion_r4044969434,Inline,docs/frontend/VISUALIZATION_INVENTORY_2026-09-17.md,AUD-36,"PR-Kontext, Einzelprüfung A11 offen",PRRT_kwDOSH3SD86jqy6D,false,offen – Fix/Regressionstest prüfen,,,**<sub><sub>![P2 Badge](https://img.shields.io/badge/P2-yellow?style=flat)</sub></sub> Include weak rows in the Matrix section gate** The section does not require every row to have,PR#929:historical-inline,historischer Inline-Kontext; in AUD-36 / A11 übertragen,https://github.com/Sturmi77/correlcore/pull/990 | https://github.com/Sturmi77/correlcore/issues/985
927,https://github.com/Sturmi77/correlcore/pull/927#pullrequestreview-5240545449,Review/Antwort,,AUD-36,"PR-Kontext, Einzelprüfung A11 offen",,unbekannt/nicht anwendbar,offen – Fix/Regressionstest prüfen,,,<!-- CURSOR_AUTOMATION_ID: 8040bfce-1dbd-47b2-9b9d-3569b54c343f | RUN_ID: bc-1da449fb-0866-466d-a6d2-39beb83ad4b5 --> ## Risk assessment: **Very Low** **Code review required:** No,PR#927:review-summary,gebündelte Review-Zusammenfassung; technische Inline-Punkte separat dispositioniert,https://github.com/Sturmi77/correlcore/pull/927#pullrequestreview-5240545449 | AUD-36 -> A11 | https://github.com/Sturmi77/correlcore/issues/985
927,https://github.com/Sturmi77/correlcore/pull/927#discussion_r4040762924,Inline,docs/proposals/mockups/issues-917-920/index.html,AUD-36,"PR-Kontext, Einzelprüfung A11 offen",PRRT_kwDOSH3SD86jgcJa,false,offen – Fix/Regressionstest prüfen,,,"**<sub><sub>![P2 Badge](https://img.shields.io/badge/P2-yellow?style=flat)</sub></sub> Add viewport metadata for the mobile layout** On mobile browsers, the missing `meta name=""vie",PR#927:historical-inline,historischer Inline-Kontext; in AUD-36 / A11 übertragen,https://github.com/Sturmi77/correlcore/pull/990 | https://github.com/Sturmi77/correlcore/issues/985
927,https://github.com/Sturmi77/correlcore/pull/927#pullrequestreview-5240598982,Review/Antwort,,AUD-36,"PR-Kontext, Einzelprüfung A11 offen",,unbekannt/nicht anwendbar,offen – Fix/Regressionstest prüfen,,,### 💡 Codex Review Here are some automated review suggestions for this pull request. **Reviewed commit:** `4e12a775d1` <details> <summary>ℹ️ About Codex in GitHub</summary> <br/>,PR#927:review-summary,gebündelte Review-Zusammenfassung; technische Inline-Punkte separat dispositioniert,https://github.com/Sturmi77/correlcore/pull/927#pullrequestreview-5240598982 | AUD-36 -> A11 | https://github.com/Sturmi77/correlcore/issues/985
927,https://github.com/Sturmi77/correlcore/pull/927#discussion_r4040762930,Inline,docs/proposals/mockups/issues-917-920/index.html,AUD-36,"PR-Kontext, Einzelprüfung A11 offen",PRRT_kwDOSH3SD86jgcJi,false,offen – Fix/Regressionstest prüfen,,,**<sub><sub>![P2 Badge](https://img.shields.io/badge/P2-yellow?style=flat)</sub></sub> Align the coincidence counts with the plotted fixture** The rendered chart data contains 9 ac,PR#927:historical-inline,historischer Inline-Kontext; in AUD-36 / A11 übertragen,https://github.com/Sturmi77/correlcore/pull/990 | https://github.com/Sturmi77/correlcore/issues/985
927,https://github.com/Sturmi77/correlcore/pull/927#discussion_r4040762944,Inline,docs/proposals/mockups/issues-917-920/index.html,AUD-36,"PR-Kontext, Einzelprüfung A11 offen",PRRT_kwDOSH3SD86jgcJr,false,offen – Fix/Regressionstest prüfen,,,**<sub><sub>![P2 Badge](https://img.shields.io/badge/P2-yellow?style=flat)</sub></sub> Add denominators to both Lag-1 directions** When this mockup is used as the #917 implementati,PR#927:historical-inline,historischer Inline-Kontext; in AUD-36 / A11 übertragen,https://github.com/Sturmi77/correlcore/pull/990 | https://github.com/Sturmi77/correlcore/issues/985
927,https://github.com/Sturmi77/correlcore/pull/927#discussion_r4040762954,Inline,docs/proposals/mockups/issues-917-920/index.html,AUD-36,"PR-Kontext, Einzelprüfung A11 offen",PRRT_kwDOSH3SD86jgcJz,false,offen – Fix/Regressionstest prüfen,,,**<sub><sub>![P2 Badge](https://img.shields.io/badge/P2-yellow?style=flat)</sub></sub> Make the split count agree with the n-gate state** The #920 result says there are 4 windows w,PR#927:historical-inline,historischer Inline-Kontext; in AUD-36 / A11 übertragen,https://github.com/Sturmi77/correlcore/pull/990 | https://github.com/Sturmi77/correlcore/issues/985
927,https://github.com/Sturmi77/correlcore/pull/927#discussion_r4040762963,Inline,docs/proposals/mockups/issues-917-920/index.html,AUD-36,"PR-Kontext, Einzelprüfung A11 offen",PRRT_kwDOSH3SD86jgcJ6,false,offen – Fix/Regressionstest prüfen,,,**<sub><sub>![P2 Badge](https://img.shields.io/badge/P2-yellow?style=flat)</sub></sub> Restrict the automatic dark override to dark mode** On a first visit from a system using the,PR#927:historical-inline,historischer Inline-Kontext; in AUD-36 / A11 übertragen,https://github.com/Sturmi77/correlcore/pull/990 | https://github.com/Sturmi77/correlcore/issues/985
927,https://github.com/Sturmi77/correlcore/pull/927#discussion_r4040762972,Inline,docs/proposals/mockups/issues-917-920/index.html,AUD-36,"PR-Kontext, Einzelprüfung A11 offen",PRRT_kwDOSH3SD86jgcKB,false,offen – Fix/Regressionstest prüfen,,,"**<sub><sub>![P2 Badge](https://img.shields.io/badge/P2-yellow?style=flat)</sub></sub> Expose the individual marker labels to assistive technology** For the #919 marker example, th",PR#927:historical-inline,historischer Inline-Kontext; in AUD-36 / A11 übertragen,https://github.com/Sturmi77/correlcore/pull/990 | https://github.com/Sturmi77/correlcore/issues/985
927,https://github.com/Sturmi77/correlcore/pull/927#discussion_r4040762983,Inline,docs/proposals/mockups/issues-917-920/index.html,AUD-36,"PR-Kontext, Einzelprüfung A11 offen",PRRT_kwDOSH3SD86jgcKK,false,offen – Fix/Regressionstest prüfen,,,**<sub><sub>![P2 Badge](https://img.shields.io/badge/P2-yellow?style=flat)</sub></sub> Aggregate partner hits by event window** `partnerDatesInWindow()` accepts one onset and retur,PR#927:historical-inline,historischer Inline-Kontext; in AUD-36 / A11 übertragen,https://github.com/Sturmi77/correlcore/pull/990 | https://github.com/Sturmi77/correlcore/issues/985
927,https://github.com/Sturmi77/correlcore/pull/927#discussion_r4040762997,Inline,docs/proposals/mockups/issues-917-920/index.html,AUD-36,"PR-Kontext, Einzelprüfung A11 offen",PRRT_kwDOSH3SD86jgcKU,false,offen – Fix/Regressionstest prüfen,,,**<sub><sub>![P2 Badge](https://img.shields.io/badge/P2-yellow?style=flat)</sub></sub> Declare German as the document language** The document contains predominantly German content,PR#927:historical-inline,historischer Inline-Kontext; in AUD-36 / A11 übertragen,https://github.com/Sturmi77/correlcore/pull/990 | https://github.com/Sturmi77/correlcore/issues/985
926,https://github.com/Sturmi77/correlcore/pull/926#pullrequestreview-5240033805,Review/Antwort,,AUD-12,"PR-Kontext, Einzelprüfung A11 offen",,unbekannt/nicht anwendbar,offen – Fix/Regressionstest prüfen,,,"<!-- CURSOR_AUTOMATION_ID: 8040bfce-1dbd-47b2-9b9d-3569b54c343f | RUN_ID: bc-04354345-832c-44be-9798-a8cccb992af1 --> ## Risk: Low Assessed from the diff only (4 files, +51/−9). **",PR#926:review-summary,gebündelte Review-Zusammenfassung; technische Inline-Punkte separat dispositioniert,https://github.com/Sturmi77/correlcore/pull/926#pullrequestreview-5240033805 | AUD-12 -> A06 | https://github.com/Sturmi77/correlcore/issues/980 | https://github.com/Sturmi77/correlcore/pull/994
926,https://github.com/Sturmi77/correlcore/pull/926#pullrequestreview-5240412209,Review/Antwort,,AUD-12,"PR-Kontext, Einzelprüfung A11 offen",,unbekannt/nicht anwendbar,offen – Fix/Regressionstest prüfen,,,<!-- CURSOR_AUTOMATION_ID: 8040bfce-1dbd-47b2-9b9d-3569b54c343f | RUN_ID: bc-977797ef-3527-45f1-9291-1465d6eb1ef4 --> ## Risk: Low (re-evaluated after update) PR was updated after,PR#926:review-summary,gebündelte Review-Zusammenfassung; technische Inline-Punkte separat dispositioniert,https://github.com/Sturmi77/correlcore/pull/926#pullrequestreview-5240412209 | AUD-12 -> A06 | https://github.com/Sturmi77/correlcore/issues/980 | https://github.com/Sturmi77/correlcore/pull/994
925,https://github.com/Sturmi77/correlcore/pull/925#pullrequestreview-5239679071,Review/Antwort,,AUD-20,"PR-Kontext, Einzelprüfung A11 offen",,unbekannt/nicht anwendbar,offen – Fix/Regressionstest prüfen,,,### 💡 Codex Review Here are some automated review suggestions for this pull request. **Reviewed commit:** `4bbbdb6f79` <details> <summary>ℹ️ About Codex in GitHub</summary> <br/>,PR#925:review-summary,gebündelte Review-Zusammenfassung; technische Inline-Punkte separat dispositioniert,https://github.com/Sturmi77/correlcore/pull/925#pullrequestreview-5239679071 | AUD-20 -> A08 | https://github.com/Sturmi77/correlcore/issues/982 | https://github.com/Sturmi77/correlcore/pull/996
925,https://github.com/Sturmi77/correlcore/pull/925#discussion_r4040048792,Inline,apps/web/src/lib/components/trends/EventAlignedSmallMultiplesSheet.svelte,AUD-20,"PR-Kontext, Einzelprüfung A11 offen",PRRT_kwDOSH3SD86jerQw,true,offen – Fix/Regressionstest prüfen,,,"**<sub><sub>![P2 Badge](https://img.shields.io/badge/P2-yellow?style=flat)</sub></sub> Hide the split prompt when no partner is selectable** When the partner lookup is loading, fai",PR#925:historical-inline,historischer Inline-Kontext; in AUD-20 / A08 übertragen,https://github.com/Sturmi77/correlcore/pull/990 | https://github.com/Sturmi77/correlcore/issues/982 | https://github.com/Sturmi77/correlcore/pull/996
925,https://github.com/Sturmi77/correlcore/pull/925#discussion_r4040048800,Inline,apps/web/src/lib/components/trends/EventAlignedSmallMultiplesSheet.svelte,AUD-20,"PR-Kontext, Einzelprüfung A11 offen",PRRT_kwDOSH3SD86jerQ1,true,offen – Fix/Regressionstest prüfen,,,**<sub><sub>![P2 Badge](https://img.shields.io/badge/P2-yellow?style=flat)</sub></sub> Preserve branch qualifiers for long partner names** For valid custom partner names approachin,PR#925:historical-inline,historischer Inline-Kontext; in AUD-20 / A08 übertragen,https://github.com/Sturmi77/correlcore/pull/990 | https://github.com/Sturmi77/correlcore/issues/982 | https://github.com/Sturmi77/correlcore/pull/996
925,https://github.com/Sturmi77/correlcore/pull/925#discussion_r4040048809,Inline,apps/web/src/lib/i18n/locales/en.json,AUD-20,"PR-Kontext, Einzelprüfung A11 offen",PRRT_kwDOSH3SD86jerQ7,true,offen – Fix/Regressionstest prüfen,,,**<sub><sub>![P2 Badge](https://img.shields.io/badge/P2-yellow?style=flat)</sub></sub> State the analysis period in split counts** These counts change with the selected analysis ra,PR#925:historical-inline,historischer Inline-Kontext; in AUD-20 / A08 übertragen,https://github.com/Sturmi77/correlcore/pull/990 | https://github.com/Sturmi77/correlcore/issues/982 | https://github.com/Sturmi77/correlcore/pull/996
925,https://github.com/Sturmi77/correlcore/pull/925#discussion_r4040215707,Inline,apps/web/src/lib/components/trends/EventAlignedSmallMultiplesSheet.svelte,AUD-20,"PR-Kontext, Einzelprüfung A11 offen",PRRT_kwDOSH3SD86jerQw,true,offen – Fix/Regressionstest prüfen,,,"Fixed in db8b634d. `showSplitHint` now also requires `canChoosePartner && !partnerLoading && !partnerUnavailable`, so the prompt only appears when a picker is actually on screen. A",PR#925:historical-inline,historischer Inline-Kontext; in AUD-20 / A08 übertragen,https://github.com/Sturmi77/correlcore/pull/990 | https://github.com/Sturmi77/correlcore/issues/982 | https://github.com/Sturmi77/correlcore/pull/996
925,https://github.com/Sturmi77/correlcore/pull/925#pullrequestreview-5239876912,Review/Antwort,,AUD-20,"PR-Kontext, Einzelprüfung A11 offen",,unbekannt/nicht anwendbar,offen – Fix/Regressionstest prüfen,,,,PR#925:review-summary,gebündelte Review-Zusammenfassung; technische Inline-Punkte separat dispositioniert,https://github.com/Sturmi77/correlcore/pull/925#pullrequestreview-5239876912 | AUD-20 -> A08 | https://github.com/Sturmi77/correlcore/issues/982 | https://github.com/Sturmi77/correlcore/pull/996
925,https://github.com/Sturmi77/correlcore/pull/925#discussion_r4040215989,Inline,apps/web/src/lib/components/trends/EventAlignedSmallMultiplesSheet.svelte,AUD-20,"PR-Kontext, Einzelprüfung A11 offen",PRRT_kwDOSH3SD86jerQ1,true,offen – Fix/Regressionstest prüfen,,,"Fixed in db8b634d. New `truncatePartnerForRowLabel()` shortens the partner portion to 12 characters plus an ellipsis, so ""with"" / ""without"" always survives in the end-anchored 110p",PR#925:historical-inline,historischer Inline-Kontext; in AUD-20 / A08 übertragen,https://github.com/Sturmi77/correlcore/pull/990 | https://github.com/Sturmi77/correlcore/issues/982 | https://github.com/Sturmi77/correlcore/pull/996
925,https://github.com/Sturmi77/correlcore/pull/925#pullrequestreview-5239877256,Review/Antwort,,AUD-20,"PR-Kontext, Einzelprüfung A11 offen",,unbekannt/nicht anwendbar,offen – Fix/Regressionstest prüfen,,,,PR#925:review-summary,gebündelte Review-Zusammenfassung; technische Inline-Punkte separat dispositioniert,https://github.com/Sturmi77/correlcore/pull/925#pullrequestreview-5239877256 | AUD-20 -> A08 | https://github.com/Sturmi77/correlcore/issues/982 | https://github.com/Sturmi77/correlcore/pull/996
925,https://github.com/Sturmi77/correlcore/pull/925#discussion_r4040216338,Inline,apps/web/src/lib/i18n/locales/en.json,AUD-20,"PR-Kontext, Einzelprüfung A11 offen",PRRT_kwDOSH3SD86jerQ7,true,offen – Fix/Regressionstest prüfen,,,"Fixed in db8b634d. Both locale strings now lead with the period qualifier: ""In the selected period: {withCount} windows with {partner} · {withoutCount} without"" / ""Im gewaehlten Ze",PR#925:historical-inline,historischer Inline-Kontext; in AUD-20 / A08 übertragen,https://github.com/Sturmi77/correlcore/pull/990 | https://github.com/Sturmi77/correlcore/issues/982 | https://github.com/Sturmi77/correlcore/pull/996
925,https://github.com/Sturmi77/correlcore/pull/925#pullrequestreview-5239877695,Review/Antwort,,AUD-20,"PR-Kontext, Einzelprüfung A11 offen",,unbekannt/nicht anwendbar,offen – Fix/Regressionstest prüfen,,,,PR#925:review-summary,gebündelte Review-Zusammenfassung; technische Inline-Punkte separat dispositioniert,https://github.com/Sturmi77/correlcore/pull/925#pullrequestreview-5239877695 | AUD-20 -> A08 | https://github.com/Sturmi77/correlcore/issues/982 | https://github.com/Sturmi77/correlcore/pull/996
925,https://github.com/Sturmi77/correlcore/pull/925#pullrequestreview-5239883131,Review/Antwort,,AUD-20,"PR-Kontext, Einzelprüfung A11 offen",,unbekannt/nicht anwendbar,offen – Fix/Regressionstest prüfen,,,<!-- CURSOR_AUTOMATION_ID: 8040bfce-1dbd-47b2-9b9d-3569b54c343f | RUN_ID: bc-01c098df-10ed-4807-a567-ea4a05a872ee --> ## Risk assessment: **Low** Assessed from the actual diff (6 f,PR#925:review-summary,gebündelte Review-Zusammenfassung; technische Inline-Punkte separat dispositioniert,https://github.com/Sturmi77/correlcore/pull/925#pullrequestreview-5239883131 | AUD-20 -> A08 | https://github.com/Sturmi77/correlcore/issues/982 | https://github.com/Sturmi77/correlcore/pull/996
923,https://github.com/Sturmi77/correlcore/pull/923#pullrequestreview-5236061761,Review/Antwort,,AUD-20,"PR-Kontext, Einzelprüfung A11 offen",,unbekannt/nicht anwendbar,offen – Fix/Regressionstest prüfen,,,<!-- CURSOR_AUTOMATION_ID: 8040bfce-1dbd-47b2-9b9d-3569b54c343f | RUN_ID: bc-1a0be727-0671-4113-bb85-93ecef83f0e2 --> ## Risk assessment: **Low** Assessed from the actual diff (7 f,PR#923:review-summary,gebündelte Review-Zusammenfassung; technische Inline-Punkte separat dispositioniert,https://github.com/Sturmi77/correlcore/pull/923#pullrequestreview-5236061761 | AUD-20 -> A08 | https://github.com/Sturmi77/correlcore/issues/982 | https://github.com/Sturmi77/correlcore/pull/996
923,https://github.com/Sturmi77/correlcore/pull/923#discussion_r4037214200,Inline,apps/web/src/routes/insights/+page.svelte,AUD-20,"PR-Kontext, Einzelprüfung A11 offen",PRRT_kwDOSH3SD86jXjmS,true,offen – Fix/Regressionstest prüfen,,,**<sub><sub>![P2 Badge](https://img.shields.io/badge/P2-yellow?style=flat)</sub></sub> Surface candidate lookup failures as unavailable** When `fetchTagCooccurrence` or `fetchSympt,PR#923:historical-inline,historischer Inline-Kontext; in AUD-20 / A08 übertragen,https://github.com/Sturmi77/correlcore/pull/990 | https://github.com/Sturmi77/correlcore/issues/982 | https://github.com/Sturmi77/correlcore/pull/996
923,https://github.com/Sturmi77/correlcore/pull/923#pullrequestreview-5236107611,Review/Antwort,,AUD-20,"PR-Kontext, Einzelprüfung A11 offen",,unbekannt/nicht anwendbar,offen – Fix/Regressionstest prüfen,,,### 💡 Codex Review Here are some automated review suggestions for this pull request. **Reviewed commit:** `efd54c15d3` <details> <summary>ℹ️ About Codex in GitHub</summary> <br/>,PR#923:review-summary,gebündelte Review-Zusammenfassung; technische Inline-Punkte separat dispositioniert,https://github.com/Sturmi77/correlcore/pull/923#pullrequestreview-5236107611 | AUD-20 -> A08 | https://github.com/Sturmi77/correlcore/issues/982 | https://github.com/Sturmi77/correlcore/pull/996
923,https://github.com/Sturmi77/correlcore/pull/923#discussion_r4039395358,Inline,apps/web/src/routes/insights/+page.svelte,AUD-20,"PR-Kontext, Einzelprüfung A11 offen",PRRT_kwDOSH3SD86jXjmS,true,offen – Fix/Regressionstest prüfen,,,"Fixed in 68b5c99c. Both co-occurrence lookups now return `{ ok, data }` like the heatmap fetch instead of collapsing a rejection to `null`, and `candidatesAvailable = tagPairsResul",PR#923:historical-inline,historischer Inline-Kontext; in AUD-20 / A08 übertragen,https://github.com/Sturmi77/correlcore/pull/990 | https://github.com/Sturmi77/correlcore/issues/982 | https://github.com/Sturmi77/correlcore/pull/996
923,https://github.com/Sturmi77/correlcore/pull/923#pullrequestreview-5238842212,Review/Antwort,,AUD-20,"PR-Kontext, Einzelprüfung A11 offen",,unbekannt/nicht anwendbar,offen – Fix/Regressionstest prüfen,,,,PR#923:review-summary,gebündelte Review-Zusammenfassung; technische Inline-Punkte separat dispositioniert,https://github.com/Sturmi77/correlcore/pull/923#pullrequestreview-5238842212 | AUD-20 -> A08 | https://github.com/Sturmi77/correlcore/issues/982 | https://github.com/Sturmi77/correlcore/pull/996
922,https://github.com/Sturmi77/correlcore/pull/922#pullrequestreview-5235864336,Review/Antwort,,AUD-12,"PR-Kontext, Einzelprüfung A11 offen",,unbekannt/nicht anwendbar,offen – Fix/Regressionstest prüfen,,,<!-- CURSOR_AUTOMATION_ID: 8040bfce-1dbd-47b2-9b9d-3569b54c343f | RUN_ID: bc-afb73463-ffca-4ab4-b458-6135d4de7aa9 --> ## Risk assessment: Low **Review required:** No **Reviewers as,PR#922:review-summary,gebündelte Review-Zusammenfassung; technische Inline-Punkte separat dispositioniert,https://github.com/Sturmi77/correlcore/pull/922#pullrequestreview-5235864336 | AUD-12 -> A06 | https://github.com/Sturmi77/correlcore/issues/980 | https://github.com/Sturmi77/correlcore/pull/994
922,https://github.com/Sturmi77/correlcore/pull/922#discussion_r4037052977,Inline,apps/web/src/lib/utils/lag1Markers.ts,AUD-12,"PR-Kontext, Einzelprüfung A11 offen",PRRT_kwDOSH3SD86jXJa2,true,offen – Fix/Regressionstest prüfen,,,**<sub><sub>![P1 Badge](https://img.shields.io/badge/P1-orange?style=flat)</sub></sub> Add denominators to the Lag-1 frequencies** When the two subjects have different base frequen,PR#922:historical-inline,historischer Inline-Kontext; in AUD-12 / A06 übertragen,https://github.com/Sturmi77/correlcore/pull/990 | https://github.com/Sturmi77/correlcore/issues/980 | https://github.com/Sturmi77/correlcore/pull/994
922,https://github.com/Sturmi77/correlcore/pull/922#discussion_r4037052986,Inline,apps/web/src/lib/components/trends/TrendsComparePanel.svelte,AUD-12,"PR-Kontext, Einzelprüfung A11 offen",PRRT_kwDOSH3SD86jXJa7,true,offen – Fix/Regressionstest prüfen,,,**<sub><sub>![P1 Badge](https://img.shields.io/badge/P1-orange?style=flat)</sub></sub> Do not hide reverse-heavy Lag-1 summaries** When B→A has at least two hits but the pin-order,PR#922:historical-inline,historischer Inline-Kontext; in AUD-12 / A06 übertragen,https://github.com/Sturmi77/correlcore/pull/990 | https://github.com/Sturmi77/correlcore/issues/980 | https://github.com/Sturmi77/correlcore/pull/994
922,https://github.com/Sturmi77/correlcore/pull/922#pullrequestreview-5235909618,Review/Antwort,,AUD-12,"PR-Kontext, Einzelprüfung A11 offen",,unbekannt/nicht anwendbar,offen – Fix/Regressionstest prüfen,,,### 💡 Codex Review Here are some automated review suggestions for this pull request. **Reviewed commit:** `e55f9c9cda` <details> <summary>ℹ️ About Codex in GitHub</summary> <br/>,PR#922:review-summary,gebündelte Review-Zusammenfassung; technische Inline-Punkte separat dispositioniert,https://github.com/Sturmi77/correlcore/pull/922#pullrequestreview-5235909618 | AUD-12 -> A06 | https://github.com/Sturmi77/correlcore/issues/980 | https://github.com/Sturmi77/correlcore/pull/994
922,https://github.com/Sturmi77/correlcore/pull/922#discussion_r4039394868,Inline,apps/web/src/lib/utils/lag1Markers.ts,AUD-12,"PR-Kontext, Einzelprüfung A11 offen",PRRT_kwDOSH3SD86jXJa2,true,offen – Fix/Regressionstest prüfen,,,"Fixed in 833ec746. `Lag1PairSummary` now carries `forwardTotal` / `reverseTotal`: each direction counts the antecedent days that could have produced a hit, and a day only counts as",PR#922:historical-inline,historischer Inline-Kontext; in AUD-12 / A06 übertragen,https://github.com/Sturmi77/correlcore/pull/990 | https://github.com/Sturmi77/correlcore/issues/980 | https://github.com/Sturmi77/correlcore/pull/994
922,https://github.com/Sturmi77/correlcore/pull/922#pullrequestreview-5238841724,Review/Antwort,,AUD-12,"PR-Kontext, Einzelprüfung A11 offen",,unbekannt/nicht anwendbar,offen – Fix/Regressionstest prüfen,,,,PR#922:review-summary,gebündelte Review-Zusammenfassung; technische Inline-Punkte separat dispositioniert,https://github.com/Sturmi77/correlcore/pull/922#pullrequestreview-5238841724 | AUD-12 -> A06 | https://github.com/Sturmi77/correlcore/issues/980 | https://github.com/Sturmi77/correlcore/pull/994
922,https://github.com/Sturmi77/correlcore/pull/922#discussion_r4039395081,Inline,apps/web/src/lib/components/trends/TrendsComparePanel.svelte,AUD-12,"PR-Kontext, Einzelprüfung A11 offen",PRRT_kwDOSH3SD86jXJa7,true,offen – Fix/Regressionstest prüfen,,,"Fixed in 833ec746 by decoupling the numbers from the marker gate. `hasReportableLag1()` opens when *either* direction reaches `MIN_LAG1_DAYS`, and the summary renders on that condi",PR#922:historical-inline,historischer Inline-Kontext; in AUD-12 / A06 übertragen,https://github.com/Sturmi77/correlcore/pull/990 | https://github.com/Sturmi77/correlcore/issues/980 | https://github.com/Sturmi77/correlcore/pull/994
922,https://github.com/Sturmi77/correlcore/pull/922#pullrequestreview-5238841929,Review/Antwort,,AUD-12,"PR-Kontext, Einzelprüfung A11 offen",,unbekannt/nicht anwendbar,offen – Fix/Regressionstest prüfen,,,,PR#922:review-summary,gebündelte Review-Zusammenfassung; technische Inline-Punkte separat dispositioniert,https://github.com/Sturmi77/correlcore/pull/922#pullrequestreview-5238841929 | AUD-12 -> A06 | https://github.com/Sturmi77/correlcore/issues/980 | https://github.com/Sturmi77/correlcore/pull/994
921,https://github.com/Sturmi77/correlcore/pull/921#pullrequestreview-5235097021,Review/Antwort,,AUD-12,"PR-Kontext, Einzelprüfung A11 offen",,unbekannt/nicht anwendbar,offen – Fix/Regressionstest prüfen,,,<!-- CURSOR_AUTOMATION_ID: 8040bfce-1dbd-47b2-9b9d-3569b54c343f | RUN_ID: bc-e3a82c25-5ac2-40f4-9463-dd10db41c160 --> ## Risk assessment: Very Low **Review required:** No **Reviewe,PR#921:review-summary,gebündelte Review-Zusammenfassung; technische Inline-Punkte separat dispositioniert,https://github.com/Sturmi77/correlcore/pull/921#pullrequestreview-5235097021 | AUD-12 -> A06 | https://github.com/Sturmi77/correlcore/issues/980 | https://github.com/Sturmi77/correlcore/pull/994
921,https://github.com/Sturmi77/correlcore/pull/921#discussion_r4036438526,Inline,docs/proposals/FEATURE_EVENT_INTERACTION_TIMELINE.md,AUD-12,"PR-Kontext, Einzelprüfung A11 offen",PRRT_kwDOSH3SD86jVmG7,false,offen – Fix/Regressionstest prüfen,,,"**<sub><sub>![P2 Badge](https://img.shields.io/badge/P2-yellow?style=flat)</sub></sub> Add denominators to the Lag-1 copy pattern** When #917 implements this binding template, Lag-",PR#921:historical-inline,historischer Inline-Kontext; in AUD-12 / A06 übertragen,https://github.com/Sturmi77/correlcore/pull/990 | https://github.com/Sturmi77/correlcore/issues/980 | https://github.com/Sturmi77/correlcore/pull/994
921,https://github.com/Sturmi77/correlcore/pull/921#discussion_r4036438537,Inline,docs/proposals/FEATURE_EVENT_INTERACTION_TIMELINE.md,AUD-12,"PR-Kontext, Einzelprüfung A11 offen",PRRT_kwDOSH3SD86jVmHB,false,offen – Fix/Regressionstest prüfen,,,**<sub><sub>![P2 Badge](https://img.shields.io/badge/P2-yellow?style=flat)</sub></sub> Add the selected-range qualifier to the copy patterns** All three patterns are declared bindi,PR#921:historical-inline,historischer Inline-Kontext; in AUD-12 / A06 übertragen,https://github.com/Sturmi77/correlcore/pull/990 | https://github.com/Sturmi77/correlcore/issues/980 | https://github.com/Sturmi77/correlcore/pull/994
921,https://github.com/Sturmi77/correlcore/pull/921#pullrequestreview-5235146643,Review/Antwort,,AUD-12,"PR-Kontext, Einzelprüfung A11 offen",,unbekannt/nicht anwendbar,offen – Fix/Regressionstest prüfen,,,### 💡 Codex Review Here are some automated review suggestions for this pull request. **Reviewed commit:** `5414ad7532` <details> <summary>ℹ️ About Codex in GitHub</summary> <br/>,PR#921:review-summary,gebündelte Review-Zusammenfassung; technische Inline-Punkte separat dispositioniert,https://github.com/Sturmi77/correlcore/pull/921#pullrequestreview-5235146643 | AUD-12 -> A06 | https://github.com/Sturmi77/correlcore/issues/980 | https://github.com/Sturmi77/correlcore/pull/994
916,https://github.com/Sturmi77/correlcore/pull/916#pullrequestreview-5227883078,Review/Antwort,,AUD-13,"PR-Kontext, Einzelprüfung A11 offen",,unbekannt/nicht anwendbar,offen – Fix/Regressionstest prüfen,,,,PR#916:review-summary,gebündelte Review-Zusammenfassung; technische Inline-Punkte separat dispositioniert,https://github.com/Sturmi77/correlcore/pull/916#pullrequestreview-5227883078 | AUD-13 -> A04/A06 | https://github.com/Sturmi77/correlcore/issues/979 | https://github.com/Sturmi77/correlcore/pull/993 | https://github.com/Sturmi77/correlcore/issues/980 | https://github.com/Sturmi77/correlcore/pull/994
916,https://github.com/Sturmi77/correlcore/pull/916#discussion_r4030426359,Inline,apps/web/src/lib/components/insights/InsightCard.svelte,AUD-13,"PR-Kontext, Einzelprüfung A11 offen",PRRT_kwDOSH3SD86jGk1f,true,offen – Fix/Regressionstest prüfen,,,**<sub><sub>![P2 Badge](https://img.shields.io/badge/P2-yellow?style=flat)</sub></sub> Report the selected peak's direction in compact profiles** When a profile contains both posit,PR#916:historical-inline,historischer Inline-Kontext; in AUD-13 / A04/A06 übertragen,https://github.com/Sturmi77/correlcore/pull/990 | https://github.com/Sturmi77/correlcore/issues/979 | https://github.com/Sturmi77/correlcore/pull/993 | https://github.com/Sturmi77/correlcore/issues/980 | https://github.com/Sturmi77/correlcore/pull/994
916,https://github.com/Sturmi77/correlcore/pull/916#pullrequestreview-5227910537,Review/Antwort,,AUD-13,"PR-Kontext, Einzelprüfung A11 offen",,unbekannt/nicht anwendbar,offen – Fix/Regressionstest prüfen,,,### 💡 Codex Review Here are some automated review suggestions for this pull request. **Reviewed commit:** `0bdeffd967` <details> <summary>ℹ️ About Codex in GitHub</summary> <br/>,PR#916:review-summary,gebündelte Review-Zusammenfassung; technische Inline-Punkte separat dispositioniert,https://github.com/Sturmi77/correlcore/pull/916#pullrequestreview-5227910537 | AUD-13 -> A04/A06 | https://github.com/Sturmi77/correlcore/issues/979 | https://github.com/Sturmi77/correlcore/pull/993 | https://github.com/Sturmi77/correlcore/issues/980 | https://github.com/Sturmi77/correlcore/pull/994
916,https://github.com/Sturmi77/correlcore/pull/916#pullrequestreview-5228106443,Review/Antwort,,AUD-13,"PR-Kontext, Einzelprüfung A11 offen",,unbekannt/nicht anwendbar,offen – Fix/Regressionstest prüfen,,,<details> <summary>Stale comment</summary> <blockquote> ## Risk assessment: Low (re-evaluated after push) **Code review required:** No **Reviewers assigned:** None **Decision:** Ke,PR#916:review-summary,gebündelte Review-Zusammenfassung; technische Inline-Punkte separat dispositioniert,https://github.com/Sturmi77/correlcore/pull/916#pullrequestreview-5228106443 | AUD-13 -> A04/A06 | https://github.com/Sturmi77/correlcore/issues/979 | https://github.com/Sturmi77/correlcore/pull/993 | https://github.com/Sturmi77/correlcore/issues/980 | https://github.com/Sturmi77/correlcore/pull/994
916,https://github.com/Sturmi77/correlcore/pull/916#discussion_r4030683338,Inline,apps/web/src/lib/components/insights/InsightCard.svelte,AUD-13,"PR-Kontext, Einzelprüfung A11 offen",PRRT_kwDOSH3SD86jGk1f,true,offen – Fix/Regressionstest prüfen,,,Fixed: compact `lag_peak_marker` now derives direction from `activeLagBar.r` (peak sign only). The full-chart aria label still uses the profile-wide mixed/same/opposite summary.,PR#916:historical-inline,historischer Inline-Kontext; in AUD-13 / A04/A06 übertragen,https://github.com/Sturmi77/correlcore/pull/990 | https://github.com/Sturmi77/correlcore/issues/979 | https://github.com/Sturmi77/correlcore/pull/993 | https://github.com/Sturmi77/correlcore/issues/980 | https://github.com/Sturmi77/correlcore/pull/994
916,https://github.com/Sturmi77/correlcore/pull/916#pullrequestreview-5228207807,Review/Antwort,,AUD-13,"PR-Kontext, Einzelprüfung A11 offen",,unbekannt/nicht anwendbar,offen – Fix/Regressionstest prüfen,,,,PR#916:review-summary,gebündelte Review-Zusammenfassung; technische Inline-Punkte separat dispositioniert,https://github.com/Sturmi77/correlcore/pull/916#pullrequestreview-5228207807 | AUD-13 -> A04/A06 | https://github.com/Sturmi77/correlcore/issues/979 | https://github.com/Sturmi77/correlcore/pull/993 | https://github.com/Sturmi77/correlcore/issues/980 | https://github.com/Sturmi77/correlcore/pull/994
916,https://github.com/Sturmi77/correlcore/pull/916#pullrequestreview-5228216007,Review/Antwort,,AUD-13,"PR-Kontext, Einzelprüfung A11 offen",,unbekannt/nicht anwendbar,offen – Fix/Regressionstest prüfen,,,<!-- CURSOR_AUTOMATION_ID: 8040bfce-1dbd-47b2-9b9d-3569b54c343f | RUN_ID: bc-dd72e56c-f0f8-4106-afce-03e7c8b694aa --> ## Risk assessment: Low (re-evaluated after push) **Code revie,PR#916:review-summary,gebündelte Review-Zusammenfassung; technische Inline-Punkte separat dispositioniert,https://github.com/Sturmi77/correlcore/pull/916#pullrequestreview-5228216007 | AUD-13 -> A04/A06 | https://github.com/Sturmi77/correlcore/issues/979 | https://github.com/Sturmi77/correlcore/pull/993 | https://github.com/Sturmi77/correlcore/issues/980 | https://github.com/Sturmi77/correlcore/pull/994
915,https://github.com/Sturmi77/correlcore/pull/915#pullrequestreview-5227437546,Review/Antwort,,AUD-13,"PR-Kontext, Einzelprüfung A11 offen",,unbekannt/nicht anwendbar,offen – Fix/Regressionstest prüfen,,,,PR#915:review-summary,gebündelte Review-Zusammenfassung; technische Inline-Punkte separat dispositioniert,https://github.com/Sturmi77/correlcore/pull/915#pullrequestreview-5227437546 | AUD-13 -> A04/A06 | https://github.com/Sturmi77/correlcore/issues/979 | https://github.com/Sturmi77/correlcore/pull/993 | https://github.com/Sturmi77/correlcore/issues/980 | https://github.com/Sturmi77/correlcore/pull/994
915,https://github.com/Sturmi77/correlcore/pull/915#discussion_r4030060419,Inline,apps/web/src/lib/components/trends/TrendsComparePanel.svelte,AUD-13,"PR-Kontext, Einzelprüfung A11 offen",PRRT_kwDOSH3SD86jFp7p,true,offen – Fix/Regressionstest prüfen,,,**<sub><sub>![P1 Badge](https://img.shields.io/badge/P1-orange?style=flat)</sub></sub> Include marker kind in the rendered key** When both overlays are enabled and a coincidence an,PR#915:historical-inline,historischer Inline-Kontext; in AUD-13 / A04/A06 übertragen,https://github.com/Sturmi77/correlcore/pull/990 | https://github.com/Sturmi77/correlcore/issues/979 | https://github.com/Sturmi77/correlcore/pull/993 | https://github.com/Sturmi77/correlcore/issues/980 | https://github.com/Sturmi77/correlcore/pull/994
915,https://github.com/Sturmi77/correlcore/pull/915#pullrequestreview-5227488668,Review/Antwort,,AUD-13,"PR-Kontext, Einzelprüfung A11 offen",,unbekannt/nicht anwendbar,offen – Fix/Regressionstest prüfen,,,### 💡 Codex Review Here are some automated review suggestions for this pull request. **Reviewed commit:** `004ad416dc` <details> <summary>ℹ️ About Codex in GitHub</summary> <br/>,PR#915:review-summary,gebündelte Review-Zusammenfassung; technische Inline-Punkte separat dispositioniert,https://github.com/Sturmi77/correlcore/pull/915#pullrequestreview-5227488668 | AUD-13 -> A04/A06 | https://github.com/Sturmi77/correlcore/issues/979 | https://github.com/Sturmi77/correlcore/pull/993 | https://github.com/Sturmi77/correlcore/issues/980 | https://github.com/Sturmi77/correlcore/pull/994
915,https://github.com/Sturmi77/correlcore/pull/915#discussion_r4030450989,Inline,apps/web/src/lib/components/trends/TrendsComparePanel.svelte,AUD-13,"PR-Kontext, Einzelprüfung A11 offen",PRRT_kwDOSH3SD86jFp7p,true,offen – Fix/Regressionstest prüfen,,,"Fixed in the follow-up commit: EventMarkerLayer each-keys now include `marker.kind`, so after bucket remaps strip `endDate` both A∩B and Lag-1 markers remain distinct in the SVG. A",PR#915:historical-inline,historischer Inline-Kontext; in AUD-13 / A04/A06 übertragen,https://github.com/Sturmi77/correlcore/pull/990 | https://github.com/Sturmi77/correlcore/issues/979 | https://github.com/Sturmi77/correlcore/pull/993 | https://github.com/Sturmi77/correlcore/issues/980 | https://github.com/Sturmi77/correlcore/pull/994
915,https://github.com/Sturmi77/correlcore/pull/915#pullrequestreview-5227939021,Review/Antwort,,AUD-13,"PR-Kontext, Einzelprüfung A11 offen",,unbekannt/nicht anwendbar,offen – Fix/Regressionstest prüfen,,,,PR#915:review-summary,gebündelte Review-Zusammenfassung; technische Inline-Punkte separat dispositioniert,https://github.com/Sturmi77/correlcore/pull/915#pullrequestreview-5227939021 | AUD-13 -> A04/A06 | https://github.com/Sturmi77/correlcore/issues/979 | https://github.com/Sturmi77/correlcore/pull/993 | https://github.com/Sturmi77/correlcore/issues/980 | https://github.com/Sturmi77/correlcore/pull/994
915,https://github.com/Sturmi77/correlcore/pull/915#pullrequestreview-5227939881,Review/Antwort,,AUD-13,"PR-Kontext, Einzelprüfung A11 offen",,unbekannt/nicht anwendbar,offen – Fix/Regressionstest prüfen,,,<details> <summary>Stale comment</summary> <blockquote> ## Risk assessment: **Low** (re-evaluated after synchronize) **Review required:** No **Approval:** Previous Low-risk approva,PR#915:review-summary,gebündelte Review-Zusammenfassung; technische Inline-Punkte separat dispositioniert,https://github.com/Sturmi77/correlcore/pull/915#pullrequestreview-5227939881 | AUD-13 -> A04/A06 | https://github.com/Sturmi77/correlcore/issues/979 | https://github.com/Sturmi77/correlcore/pull/993 | https://github.com/Sturmi77/correlcore/issues/980 | https://github.com/Sturmi77/correlcore/pull/994
915,https://github.com/Sturmi77/correlcore/pull/915#pullrequestreview-5228173912,Review/Antwort,,AUD-13,"PR-Kontext, Einzelprüfung A11 offen",,unbekannt/nicht anwendbar,offen – Fix/Regressionstest prüfen,,,<details> <summary>Stale comment</summary> <blockquote> ## Risk assessment: **Low** (re-evaluated after synchronize) **Review required:** No **Approval:** Previous Low-risk approva,PR#915:review-summary,gebündelte Review-Zusammenfassung; technische Inline-Punkte separat dispositioniert,https://github.com/Sturmi77/correlcore/pull/915#pullrequestreview-5228173912 | AUD-13 -> A04/A06 | https://github.com/Sturmi77/correlcore/issues/979 | https://github.com/Sturmi77/correlcore/pull/993 | https://github.com/Sturmi77/correlcore/issues/980 | https://github.com/Sturmi77/correlcore/pull/994
915,https://github.com/Sturmi77/correlcore/pull/915#pullrequestreview-5232725805,Review/Antwort,,AUD-13,"PR-Kontext, Einzelprüfung A11 offen",,unbekannt/nicht anwendbar,offen – Fix/Regressionstest prüfen,,,<!-- CURSOR_AUTOMATION_ID: 8040bfce-1dbd-47b2-9b9d-3569b54c343f | RUN_ID: bc-0d371430-e5a3-4889-881b-7d67b64e8a68 --> ## Risk assessment: **Low** (re-evaluated after synchronize) *,PR#915:review-summary,gebündelte Review-Zusammenfassung; technische Inline-Punkte separat dispositioniert,https://github.com/Sturmi77/correlcore/pull/915#pullrequestreview-5232725805 | AUD-13 -> A04/A06 | https://github.com/Sturmi77/correlcore/issues/979 | https://github.com/Sturmi77/correlcore/pull/993 | https://github.com/Sturmi77/correlcore/issues/980 | https://github.com/Sturmi77/correlcore/pull/994
914,https://github.com/Sturmi77/correlcore/pull/914#pullrequestreview-5227233508,Review/Antwort,,AUD-20,"PR-Kontext, Einzelprüfung A11 offen",,unbekannt/nicht anwendbar,offen – Fix/Regressionstest prüfen,,,"<details> <summary>Stale comment</summary> <blockquote> ## Risk assessment: **Medium** — review required, not approved Assessment is based on the diff (8 files, +801/−5), not on PR",PR#914:review-summary,gebündelte Review-Zusammenfassung; technische Inline-Punkte separat dispositioniert,https://github.com/Sturmi77/correlcore/pull/914#pullrequestreview-5227233508 | AUD-20 -> A08 | https://github.com/Sturmi77/correlcore/issues/982 | https://github.com/Sturmi77/correlcore/pull/996
914,https://github.com/Sturmi77/correlcore/pull/914#discussion_r4029909608,Inline,apps/web/src/routes/insights/+page.svelte,AUD-20,"PR-Kontext, Einzelprüfung A11 offen",PRRT_kwDOSH3SD86jFRoG,true,offen – Fix/Regressionstest prüfen,,,**<sub><sub>![P2 Badge](https://img.shields.io/badge/P2-yellow?style=flat)</sub></sub> Open the base sheet before loading optional partner data** When either the co-occurrence or t,PR#914:historical-inline,historischer Inline-Kontext; in AUD-20 / A08 übertragen,https://github.com/Sturmi77/correlcore/pull/990 | https://github.com/Sturmi77/correlcore/issues/982 | https://github.com/Sturmi77/correlcore/pull/996
914,https://github.com/Sturmi77/correlcore/pull/914#discussion_r4029909618,Inline,apps/web/src/routes/insights/+page.svelte,AUD-20,"PR-Kontext, Einzelprüfung A11 offen",PRRT_kwDOSH3SD86jFRoN,true,offen – Fix/Regressionstest prüfen,,,**<sub><sub>![P2 Badge](https://img.shields.io/badge/P2-yellow?style=flat)</sub></sub> Fetch presence dates for every rendered window cell** For an event whose onset falls within t,PR#914:historical-inline,historischer Inline-Kontext; in AUD-20 / A08 übertragen,https://github.com/Sturmi77/correlcore/pull/990 | https://github.com/Sturmi77/correlcore/issues/982 | https://github.com/Sturmi77/correlcore/pull/996
914,https://github.com/Sturmi77/correlcore/pull/914#discussion_r4029909625,Inline,apps/web/src/lib/utils/esmPartner.ts,AUD-20,"PR-Kontext, Einzelprüfung A11 offen",PRRT_kwDOSH3SD86jFRoR,true,offen – Fix/Regressionstest prüfen,,,**<sub><sub>![P2 Badge](https://img.shields.io/badge/P2-yellow?style=flat)</sub></sub> Preserve the stable slug when resolving ordinary subjects** When a stored tag insight still r,PR#914:historical-inline,historischer Inline-Kontext; in AUD-20 / A08 übertragen,https://github.com/Sturmi77/correlcore/pull/990 | https://github.com/Sturmi77/correlcore/issues/982 | https://github.com/Sturmi77/correlcore/pull/996
914,https://github.com/Sturmi77/correlcore/pull/914#discussion_r4029909633,Inline,apps/web/src/lib/components/trends/EventAlignedSmallMultiplesSheet.svelte,AUD-20,"PR-Kontext, Einzelprüfung A11 offen",PRRT_kwDOSH3SD86jFRoW,true,offen – Fix/Regressionstest prüfen,,,**<sub><sub>![P2 Badge](https://img.shields.io/badge/P2-yellow?style=flat)</sub></sub> Preserve T0 and lag strokes on partner-hit cells** When the partner is present at T0—a common,PR#914:historical-inline,historischer Inline-Kontext; in AUD-20 / A08 übertragen,https://github.com/Sturmi77/correlcore/pull/990 | https://github.com/Sturmi77/correlcore/issues/982 | https://github.com/Sturmi77/correlcore/pull/996
914,https://github.com/Sturmi77/correlcore/pull/914#discussion_r4029909639,Inline,apps/web/src/lib/components/trends/EventAlignedSmallMultiplesSheet.svelte,AUD-20,"PR-Kontext, Einzelprüfung A11 offen",PRRT_kwDOSH3SD86jFRoa,true,offen – Fix/Regressionstest prüfen,,,"**<sub><sub>![P2 Badge](https://img.shields.io/badge/P2-yellow?style=flat)</sub></sub> Include partner hits in the cell's accessible name** For a partner-hit cell, the explicit `ar",PR#914:historical-inline,historischer Inline-Kontext; in AUD-20 / A08 übertragen,https://github.com/Sturmi77/correlcore/pull/990 | https://github.com/Sturmi77/correlcore/issues/982 | https://github.com/Sturmi77/correlcore/pull/996
914,https://github.com/Sturmi77/correlcore/pull/914#pullrequestreview-5227313034,Review/Antwort,,AUD-20,"PR-Kontext, Einzelprüfung A11 offen",,unbekannt/nicht anwendbar,offen – Fix/Regressionstest prüfen,,,### 💡 Codex Review Here are some automated review suggestions for this pull request. **Reviewed commit:** `d358d57630` <details> <summary>ℹ️ About Codex in GitHub</summary> <br/>,PR#914:review-summary,gebündelte Review-Zusammenfassung; technische Inline-Punkte separat dispositioniert,https://github.com/Sturmi77/correlcore/pull/914#pullrequestreview-5227313034 | AUD-20 -> A08 | https://github.com/Sturmi77/correlcore/issues/982 | https://github.com/Sturmi77/correlcore/pull/996
914,https://github.com/Sturmi77/correlcore/pull/914#discussion_r4029909646,Inline,apps/web/src/routes/insights/+page.svelte,AUD-20,"PR-Kontext, Einzelprüfung A11 offen",PRRT_kwDOSH3SD86jFRoe,true,offen – Fix/Regressionstest prüfen,,,**<sub><sub>![P2 Badge](https://img.shields.io/badge/P2-yellow?style=flat)</sub></sub> Keep partner lookup on the event-window request range** If the analysis range changes while `,PR#914:historical-inline,historischer Inline-Kontext; in AUD-20 / A08 übertragen,https://github.com/Sturmi77/correlcore/pull/990 | https://github.com/Sturmi77/correlcore/issues/982 | https://github.com/Sturmi77/correlcore/pull/996
914,https://github.com/Sturmi77/correlcore/pull/914#discussion_r4029909652,Inline,apps/web/src/routes/insights/+page.svelte,AUD-20,"PR-Kontext, Einzelprüfung A11 offen",PRRT_kwDOSH3SD86jFRok,true,offen – Fix/Regressionstest prüfen,,,**<sub><sub>![P2 Badge](https://img.shields.io/badge/P2-yellow?style=flat)</sub></sub> Do not treat a failed presence fetch as an empty timeline** When the tag-heatmap request fail,PR#914:historical-inline,historischer Inline-Kontext; in AUD-20 / A08 übertragen,https://github.com/Sturmi77/correlcore/pull/990 | https://github.com/Sturmi77/correlcore/issues/982 | https://github.com/Sturmi77/correlcore/pull/996
914,https://github.com/Sturmi77/correlcore/pull/914#discussion_r4030538923,Inline,apps/web/src/routes/insights/+page.svelte,AUD-20,"PR-Kontext, Einzelprüfung A11 offen",PRRT_kwDOSH3SD86jFRoG,true,offen – Fix/Regressionstest prüfen,,,Fixed in c7bc2922: event windows render immediately (exploreEventsLoading cleared after etchInsightEventWindows); partner co-occurrence/heatmap loads asynchronously via oid ensureE,PR#914:historical-inline,historischer Inline-Kontext; in AUD-20 / A08 übertragen,https://github.com/Sturmi77/correlcore/pull/990 | https://github.com/Sturmi77/correlcore/issues/982 | https://github.com/Sturmi77/correlcore/pull/996
914,https://github.com/Sturmi77/correlcore/pull/914#discussion_r4030538944,Inline,apps/web/src/lib/utils/esmPartner.ts,AUD-20,"PR-Kontext, Einzelprüfung A11 offen",PRRT_kwDOSH3SD86jFRoR,true,offen – Fix/Regressionstest prüfen,,,Fixed in c7bc2922: esolveEsmAlignSubject now reads payload.tag_slug / payload.symptom_slug for ordinary tag/symptom insights so copy-on-write overrides still match co-occurrence ro,PR#914:historical-inline,historischer Inline-Kontext; in AUD-20 / A08 übertragen,https://github.com/Sturmi77/correlcore/pull/990 | https://github.com/Sturmi77/correlcore/issues/982 | https://github.com/Sturmi77/correlcore/pull/996
914,https://github.com/Sturmi77/correlcore/pull/914#discussion_r4030538948,Inline,apps/web/src/lib/components/trends/EventAlignedSmallMultiplesSheet.svelte,AUD-20,"PR-Kontext, Einzelprüfung A11 offen",PRRT_kwDOSH3SD86jFRoa,true,offen – Fix/Regressionstest prüfen,,,"Fixed in c7bc2922: partner-on-day localized text is appended to each hit cell's ria-label, not only <title>.",PR#914:historical-inline,historischer Inline-Kontext; in AUD-20 / A08 übertragen,https://github.com/Sturmi77/correlcore/pull/990 | https://github.com/Sturmi77/correlcore/issues/982 | https://github.com/Sturmi77/correlcore/pull/996
914,https://github.com/Sturmi77/correlcore/pull/914#discussion_r4030538993,Inline,apps/web/src/lib/components/trends/EventAlignedSmallMultiplesSheet.svelte,AUD-20,"PR-Kontext, Einzelprüfung A11 offen",PRRT_kwDOSH3SD86jFRoW,true,offen – Fix/Regressionstest prüfen,,,Fixed in c7bc2922: removed .esm__cell--partner stroke override; partner presence uses the corner esm__partner-mark glyph only so T0/lag strokes stay authoritative.,PR#914:historical-inline,historischer Inline-Kontext; in AUD-20 / A08 übertragen,https://github.com/Sturmi77/correlcore/pull/990 | https://github.com/Sturmi77/correlcore/issues/982 | https://github.com/Sturmi77/correlcore/pull/996
914,https://github.com/Sturmi77/correlcore/pull/914#discussion_r4030538999,Inline,apps/web/src/routes/insights/+page.svelte,AUD-20,"PR-Kontext, Einzelprüfung A11 offen",PRRT_kwDOSH3SD86jFRok,true,offen – Fix/Regressionstest prüfen,,,"Fixed in c7bc2922: when tag heatmap fetch fails, candidates remain in the picker but default partner/overlay stay null ( agPresenceAvailable gate) instead of implying zero partner",PR#914:historical-inline,historischer Inline-Kontext; in AUD-20 / A08 übertragen,https://github.com/Sturmi77/correlcore/pull/990 | https://github.com/Sturmi77/correlcore/issues/982 | https://github.com/Sturmi77/correlcore/pull/996
914,https://github.com/Sturmi77/correlcore/pull/914#pullrequestreview-5228036411,Review/Antwort,,AUD-20,"PR-Kontext, Einzelprüfung A11 offen",,unbekannt/nicht anwendbar,offen – Fix/Regressionstest prüfen,,,,PR#914:review-summary,gebündelte Review-Zusammenfassung; technische Inline-Punkte separat dispositioniert,https://github.com/Sturmi77/correlcore/pull/914#pullrequestreview-5228036411 | AUD-20 -> A08 | https://github.com/Sturmi77/correlcore/issues/982 | https://github.com/Sturmi77/correlcore/pull/996
914,https://github.com/Sturmi77/correlcore/pull/914#pullrequestreview-5228036450,Review/Antwort,,AUD-20,"PR-Kontext, Einzelprüfung A11 offen",,unbekannt/nicht anwendbar,offen – Fix/Regressionstest prüfen,,,,PR#914:review-summary,gebündelte Review-Zusammenfassung; technische Inline-Punkte separat dispositioniert,https://github.com/Sturmi77/correlcore/pull/914#pullrequestreview-5228036450 | AUD-20 -> A08 | https://github.com/Sturmi77/correlcore/issues/982 | https://github.com/Sturmi77/correlcore/pull/996
914,https://github.com/Sturmi77/correlcore/pull/914#pullrequestreview-5228036455,Review/Antwort,,AUD-20,"PR-Kontext, Einzelprüfung A11 offen",,unbekannt/nicht anwendbar,offen – Fix/Regressionstest prüfen,,,,PR#914:review-summary,gebündelte Review-Zusammenfassung; technische Inline-Punkte separat dispositioniert,https://github.com/Sturmi77/correlcore/pull/914#pullrequestreview-5228036455 | AUD-20 -> A08 | https://github.com/Sturmi77/correlcore/issues/982 | https://github.com/Sturmi77/correlcore/pull/996
914,https://github.com/Sturmi77/correlcore/pull/914#pullrequestreview-5228036497,Review/Antwort,,AUD-20,"PR-Kontext, Einzelprüfung A11 offen",,unbekannt/nicht anwendbar,offen – Fix/Regressionstest prüfen,,,,PR#914:review-summary,gebündelte Review-Zusammenfassung; technische Inline-Punkte separat dispositioniert,https://github.com/Sturmi77/correlcore/pull/914#pullrequestreview-5228036497 | AUD-20 -> A08 | https://github.com/Sturmi77/correlcore/issues/982 | https://github.com/Sturmi77/correlcore/pull/996
914,https://github.com/Sturmi77/correlcore/pull/914#pullrequestreview-5228036509,Review/Antwort,,AUD-20,"PR-Kontext, Einzelprüfung A11 offen",,unbekannt/nicht anwendbar,offen – Fix/Regressionstest prüfen,,,,PR#914:review-summary,gebündelte Review-Zusammenfassung; technische Inline-Punkte separat dispositioniert,https://github.com/Sturmi77/correlcore/pull/914#pullrequestreview-5228036509 | AUD-20 -> A08 | https://github.com/Sturmi77/correlcore/issues/982 | https://github.com/Sturmi77/correlcore/pull/996
914,https://github.com/Sturmi77/correlcore/pull/914#discussion_r4030539059,Inline,apps/web/src/routes/insights/+page.svelte,AUD-20,"PR-Kontext, Einzelprüfung A11 offen",PRRT_kwDOSH3SD86jFRoN,true,offen – Fix/Regressionstest prüfen,,,Fixed in c7bc2922: tag heatmap fetch window extended by SMALL_MULTIPLES_RADIUS (7 days) before start_date and after end_date so all rendered ±7 cells have presence data.,PR#914:historical-inline,historischer Inline-Kontext; in AUD-20 / A08 übertragen,https://github.com/Sturmi77/correlcore/pull/990 | https://github.com/Sturmi77/correlcore/issues/982 | https://github.com/Sturmi77/correlcore/pull/996
914,https://github.com/Sturmi77/correlcore/pull/914#discussion_r4030539097,Inline,apps/web/src/routes/insights/+page.svelte,AUD-20,"PR-Kontext, Einzelprüfung A11 offen",PRRT_kwDOSH3SD86jFRoe,true,offen – Fix/Regressionstest prüfen,,,Fixed in c7bc2922: openExploreEvents captures capturedRange at open time and passes it to partner co-occurrence/heatmap fetches so they stay aligned with the event-window request.,PR#914:historical-inline,historischer Inline-Kontext; in AUD-20 / A08 übertragen,https://github.com/Sturmi77/correlcore/pull/990 | https://github.com/Sturmi77/correlcore/issues/982 | https://github.com/Sturmi77/correlcore/pull/996
914,https://github.com/Sturmi77/correlcore/pull/914#pullrequestreview-5228036578,Review/Antwort,,AUD-20,"PR-Kontext, Einzelprüfung A11 offen",,unbekannt/nicht anwendbar,offen – Fix/Regressionstest prüfen,,,,PR#914:review-summary,gebündelte Review-Zusammenfassung; technische Inline-Punkte separat dispositioniert,https://github.com/Sturmi77/correlcore/pull/914#pullrequestreview-5228036578 | AUD-20 -> A08 | https://github.com/Sturmi77/correlcore/issues/982 | https://github.com/Sturmi77/correlcore/pull/996
914,https://github.com/Sturmi77/correlcore/pull/914#pullrequestreview-5228036626,Review/Antwort,,AUD-20,"PR-Kontext, Einzelprüfung A11 offen",,unbekannt/nicht anwendbar,offen – Fix/Regressionstest prüfen,,,,PR#914:review-summary,gebündelte Review-Zusammenfassung; technische Inline-Punkte separat dispositioniert,https://github.com/Sturmi77/correlcore/pull/914#pullrequestreview-5228036626 | AUD-20 -> A08 | https://github.com/Sturmi77/correlcore/issues/982 | https://github.com/Sturmi77/correlcore/pull/996
914,https://github.com/Sturmi77/correlcore/pull/914#pullrequestreview-5228039564,Review/Antwort,,AUD-20,"PR-Kontext, Einzelprüfung A11 offen",,unbekannt/nicht anwendbar,offen – Fix/Regressionstest prüfen,,,"<!-- CURSOR_AUTOMATION_ID: 8040bfce-1dbd-47b2-9b9d-3569b54c343f | RUN_ID: bc-2e1b696d-1573-4fa0-a090-d867bf537b50 --> ## Risk assessment: **Medium** — review required, not approved",PR#914:review-summary,gebündelte Review-Zusammenfassung; technische Inline-Punkte separat dispositioniert,https://github.com/Sturmi77/correlcore/pull/914#pullrequestreview-5228039564 | AUD-20 -> A08 | https://github.com/Sturmi77/correlcore/issues/982 | https://github.com/Sturmi77/correlcore/pull/996
914,https://github.com/Sturmi77/correlcore/pull/914#pullrequestreview-5228041334,Review/Antwort,,AUD-20,"PR-Kontext, Einzelprüfung A11 offen",,unbekannt/nicht anwendbar,offen – Fix/Regressionstest prüfen,,,"<!-- CURSOR_AUTOMATION_ID: 8040bfce-1dbd-47b2-9b9d-3569b54c343f | RUN_ID: bc-2e1b696d-1573-4fa0-a090-d867bf537b50 --> ## Risk assessment: **Medium** — review required, not approved",PR#914:review-summary,gebündelte Review-Zusammenfassung; technische Inline-Punkte separat dispositioniert,https://github.com/Sturmi77/correlcore/pull/914#pullrequestreview-5228041334 | AUD-20 -> A08 | https://github.com/Sturmi77/correlcore/issues/982 | https://github.com/Sturmi77/correlcore/pull/996
913,https://github.com/Sturmi77/correlcore/pull/913#discussion_r4029738672,Inline,apps/web/src/lib/utils/comparePanelSettings.ts,AUD-20,"PR-Kontext, Einzelprüfung A11 offen",PRRT_kwDOSH3SD86jE1-s,false,offen – Fix/Regressionstest prüfen,,,<!-- CURSOR_AUTOMATION_ID: 8040bfce-1dbd-47b2-9b9d-3569b54c343f | RUN_ID: bc-2e8c6508-dcb8-46a0-8b32-1adfd763e9d6 --> `cc_trend_compare_coincidence` is a new localStorage key. `scr,PR#913:historical-inline,historischer Inline-Kontext; in AUD-20 / A08 übertragen,https://github.com/Sturmi77/correlcore/pull/990 | https://github.com/Sturmi77/correlcore/issues/982 | https://github.com/Sturmi77/correlcore/pull/996
913,https://github.com/Sturmi77/correlcore/pull/913#discussion_r4029738676,Inline,apps/web/src/lib/components/trends/EventMarkerLayer.svelte,AUD-20,"PR-Kontext, Einzelprüfung A11 offen",PRRT_kwDOSH3SD86jE1-u,false,offen – Fix/Regressionstest prüfen,,,<!-- CURSOR_AUTOMATION_ID: 8040bfce-1dbd-47b2-9b9d-3569b54c343f | RUN_ID: bc-2e8c6508-dcb8-46a0-8b32-1adfd763e9d6 --> This is not coincidence-only. Previously a band was `xStart` →,PR#913:historical-inline,historischer Inline-Kontext; in AUD-20 / A08 übertragen,https://github.com/Sturmi77/correlcore/pull/990 | https://github.com/Sturmi77/correlcore/issues/982 | https://github.com/Sturmi77/correlcore/pull/996
913,https://github.com/Sturmi77/correlcore/pull/913#pullrequestreview-5227115113,Review/Antwort,,AUD-20,"PR-Kontext, Einzelprüfung A11 offen",,unbekannt/nicht anwendbar,offen – Fix/Regressionstest prüfen,,,<!-- CURSOR_AUTOMATION_ID: 8040bfce-1dbd-47b2-9b9d-3569b54c343f | RUN_ID: bc-2e8c6508-dcb8-46a0-8b32-1adfd763e9d6 --> ## Risk: Medium — review required (not approved) Frontend-only,PR#913:review-summary,gebündelte Review-Zusammenfassung; technische Inline-Punkte separat dispositioniert,https://github.com/Sturmi77/correlcore/pull/913#pullrequestreview-5227115113 | AUD-20 -> A08 | https://github.com/Sturmi77/correlcore/issues/982 | https://github.com/Sturmi77/correlcore/pull/996
913,https://github.com/Sturmi77/correlcore/pull/913#pullrequestreview-5227177663,Review/Antwort,,AUD-20,"PR-Kontext, Einzelprüfung A11 offen",,unbekannt/nicht anwendbar,offen – Fix/Regressionstest prüfen,,,### 💡 Codex Review Here are some automated review suggestions for this pull request. **Reviewed commit:** `e5ced04a9f` <details> <summary>ℹ️ About Codex in GitHub</summary> <br/>,PR#913:review-summary,gebündelte Review-Zusammenfassung; technische Inline-Punkte separat dispositioniert,https://github.com/Sturmi77/correlcore/pull/913#pullrequestreview-5227177663 | AUD-20 -> A08 | https://github.com/Sturmi77/correlcore/issues/982 | https://github.com/Sturmi77/correlcore/pull/996
913,https://github.com/Sturmi77/correlcore/pull/913#discussion_r4029790894,Inline,apps/web/src/lib/utils/coincidenceMarkers.ts,AUD-20,"PR-Kontext, Einzelprüfung A11 offen",PRRT_kwDOSH3SD86jE-UK,false,offen – Fix/Regressionstest prüfen,,,**<sub><sub>![P2 Badge](https://img.shields.io/badge/P2-yellow?style=flat)</sub></sub> Preserve the band discriminator through bucket remapping** At Compare's default multi-day zoo,PR#913:historical-inline,historischer Inline-Kontext; in AUD-20 / A08 übertragen,https://github.com/Sturmi77/correlcore/pull/990 | https://github.com/Sturmi77/correlcore/issues/982 | https://github.com/Sturmi77/correlcore/pull/996
913,https://github.com/Sturmi77/correlcore/pull/913#discussion_r4029790901,Inline,apps/web/src/lib/components/trends/TrendsComparePanel.svelte,AUD-20,"PR-Kontext, Einzelprüfung A11 offen",PRRT_kwDOSH3SD86jE-UP,false,offen – Fix/Regressionstest prüfen,,,**<sub><sub>![P2 Badge](https://img.shields.io/badge/P2-yellow?style=flat)</sub></sub> Exclude unavailable rows from the pin budget** When three persisted pins no longer occur in t,PR#913:historical-inline,historischer Inline-Kontext; in AUD-20 / A08 übertragen,https://github.com/Sturmi77/correlcore/pull/990 | https://github.com/Sturmi77/correlcore/issues/982 | https://github.com/Sturmi77/correlcore/pull/996
913,https://github.com/Sturmi77/correlcore/pull/913#discussion_r4029790906,Inline,apps/web/src/lib/components/trends/EventMarkerLayer.svelte,AUD-20,"PR-Kontext, Einzelprüfung A11 offen",PRRT_kwDOSH3SD86jE-UU,false,offen – Fix/Regressionstest prüfen,,,"**<sub><sub>![P2 Badge](https://img.shields.io/badge/P2-yellow?style=flat)</sub></sub> Keep coincidence bands from swallowing strip-cell clicks** In Strips mode at daily zoom, this",PR#913:historical-inline,historischer Inline-Kontext; in AUD-20 / A08 übertragen,https://github.com/Sturmi77/correlcore/pull/990 | https://github.com/Sturmi77/correlcore/issues/982 | https://github.com/Sturmi77/correlcore/pull/996
913,https://github.com/Sturmi77/correlcore/pull/913#discussion_r4029790913,Inline,apps/web/src/lib/components/trends/TrendsComparePanel.svelte,AUD-20,"PR-Kontext, Einzelprüfung A11 offen",PRRT_kwDOSH3SD86jE-Ua,false,offen – Fix/Regressionstest prüfen,,,"**<sub><sub>![P2 Badge](https://img.shields.io/badge/P2-yellow?style=flat)</sub></sub> Avoid presenting the first bucket hit as the selected day** At any multi-day zoom, the cursor",PR#913:historical-inline,historischer Inline-Kontext; in AUD-20 / A08 übertragen,https://github.com/Sturmi77/correlcore/pull/990 | https://github.com/Sturmi77/correlcore/issues/982 | https://github.com/Sturmi77/correlcore/pull/996
911,https://github.com/Sturmi77/correlcore/pull/911#pullrequestreview-5225835263,Review/Antwort,,AUD-36,"PR-Kontext, Einzelprüfung A11 offen",,unbekannt/nicht anwendbar,offen – Fix/Regressionstest prüfen,,,<!-- CURSOR_AUTOMATION_ID: 8040bfce-1dbd-47b2-9b9d-3569b54c343f | RUN_ID: bc-9d0ed12d-a55d-4e09-826d-215d24ae2933 --> ## Risk assessment: Very Low **Verdict:** Safe to approve. No,PR#911:review-summary,gebündelte Review-Zusammenfassung; technische Inline-Punkte separat dispositioniert,https://github.com/Sturmi77/correlcore/pull/911#pullrequestreview-5225835263 | AUD-36 -> A11 | https://github.com/Sturmi77/correlcore/issues/985
907,https://github.com/Sturmi77/correlcore/pull/907#pullrequestreview-5225395337,Review/Antwort,,AUD-36,"PR-Kontext, Einzelprüfung A11 offen",,unbekannt/nicht anwendbar,offen – Fix/Regressionstest prüfen,,,<!-- CURSOR_AUTOMATION_ID: 8040bfce-1dbd-47b2-9b9d-3569b54c343f | RUN_ID: bc-1f8ffcf7-9d10-426a-9799-98d2abfc153c --> ## Risk assessment: **Very Low** Inspected the three-file diff,PR#907:review-summary,gebündelte Review-Zusammenfassung; technische Inline-Punkte separat dispositioniert,https://github.com/Sturmi77/correlcore/pull/907#pullrequestreview-5225395337 | AUD-36 -> A11 | https://github.com/Sturmi77/correlcore/issues/985
907,https://github.com/Sturmi77/correlcore/pull/907#discussion_r4028356862,Inline,docs/proposals/FEATURE_EVENT_INTERACTION_TIMELINE.md,AUD-36,"PR-Kontext, Einzelprüfung A11 offen",PRRT_kwDOSH3SD86jBVq-,false,offen – Fix/Regressionstest prüfen,,,**<sub><sub>![P2 Badge](https://img.shields.io/badge/P2-yellow?style=flat)</sub></sub> Include enforcement of the claimed three-pin limit** The v1a draft treats the three-pin cap a,PR#907:historical-inline,historischer Inline-Kontext; in AUD-36 / A11 übertragen,https://github.com/Sturmi77/correlcore/pull/990 | https://github.com/Sturmi77/correlcore/issues/985
907,https://github.com/Sturmi77/correlcore/pull/907#discussion_r4028356874,Inline,docs/proposals/FEATURE_EVENT_INTERACTION_TIMELINE.md,AUD-36,"PR-Kontext, Einzelprüfung A11 offen",PRRT_kwDOSH3SD86jBVrG,false,offen – Fix/Regressionstest prüfen,,,"**<sub><sub>![P2 Badge](https://img.shields.io/badge/P2-yellow?style=flat)</sub></sub> Specify the coincidence threshold before publishing Draft A** For every v1a implementation, t",PR#907:historical-inline,historischer Inline-Kontext; in AUD-36 / A11 übertragen,https://github.com/Sturmi77/correlcore/pull/990 | https://github.com/Sturmi77/correlcore/issues/985
907,https://github.com/Sturmi77/correlcore/pull/907#discussion_r4028356881,Inline,docs/proposals/FEATURE_EVENT_INTERACTION_TIMELINE.md,AUD-36,"PR-Kontext, Einzelprüfung A11 offen",PRRT_kwDOSH3SD86jBVrM,false,offen – Fix/Regressionstest prüfen,,,**<sub><sub>![P2 Badge](https://img.shields.io/badge/P2-yellow?style=flat)</sub></sub> Define a one-day band primitive for coincidence markers** Using `EventMarkerLayer` as prescri,PR#907:historical-inline,historischer Inline-Kontext; in AUD-36 / A11 übertragen,https://github.com/Sturmi77/correlcore/pull/990 | https://github.com/Sturmi77/correlcore/issues/985
907,https://github.com/Sturmi77/correlcore/pull/907#discussion_r4028356887,Inline,docs/proposals/FEATURE_EVENT_INTERACTION_TIMELINE.md,AUD-36,"PR-Kontext, Einzelprüfung A11 offen",PRRT_kwDOSH3SD86jBVrR,false,offen – Fix/Regressionstest prüfen,,,**<sub><sub>![P2 Badge](https://img.shields.io/badge/P2-yellow?style=flat)</sub></sub> Do not prefilter lag candidates by same-day co-occurrence** When A reliably occurs one to thr,PR#907:historical-inline,historischer Inline-Kontext; in AUD-36 / A11 übertragen,https://github.com/Sturmi77/correlcore/pull/990 | https://github.com/Sturmi77/correlcore/issues/985
907,https://github.com/Sturmi77/correlcore/pull/907#discussion_r4028356901,Inline,docs/proposals/FEATURE_EVENT_INTERACTION_TIMELINE.md,AUD-36,"PR-Kontext, Einzelprüfung A11 offen",PRRT_kwDOSH3SD86jBVrd,false,offen – Fix/Regressionstest prüfen,,,"**<sub><sub>![P2 Badge](https://img.shields.io/badge/P2-yellow?style=flat)</sub></sub> Define how pinned rows acquire A and B roles** For the v1.1 scenario, the existing Compare UI",PR#907:historical-inline,historischer Inline-Kontext; in AUD-36 / A11 übertragen,https://github.com/Sturmi77/correlcore/pull/990 | https://github.com/Sturmi77/correlcore/issues/985
907,https://github.com/Sturmi77/correlcore/pull/907#pullrequestreview-5225440166,Review/Antwort,,AUD-36,"PR-Kontext, Einzelprüfung A11 offen",,unbekannt/nicht anwendbar,offen – Fix/Regressionstest prüfen,,,### 💡 Codex Review Here are some automated review suggestions for this pull request. **Reviewed commit:** `8ec948ad2a` <details> <summary>ℹ️ About Codex in GitHub</summary> <br/>,PR#907:review-summary,gebündelte Review-Zusammenfassung; technische Inline-Punkte separat dispositioniert,https://github.com/Sturmi77/correlcore/pull/907#pullrequestreview-5225440166 | AUD-36 -> A11 | https://github.com/Sturmi77/correlcore/issues/985
906,https://github.com/Sturmi77/correlcore/pull/906#discussion_r4025201419,Inline,backend/migrations/versions/049_drop_entry_note_markers.py,AUD-01,"PR-Kontext, Einzelprüfung A11 offen",PRRT_kwDOSH3SD86i5P-1,true,offen – Fix/Regressionstest prüfen,,,<!-- CURSOR_AUTOMATION_ID: 8040bfce-1dbd-47b2-9b9d-3569b54c343f | RUN_ID: bc-b6d05daa-2f62-4616-9d88-fb2bc3788f31 --> This is the production-data cut: unconditional `DELETE` of `no,PR#906:historical-inline,historischer Inline-Kontext; in AUD-01 / A01 übertragen,https://github.com/Sturmi77/correlcore/pull/990 | https://github.com/Sturmi77/correlcore/issues/977 | https://github.com/Sturmi77/correlcore/pull/991
906,https://github.com/Sturmi77/correlcore/pull/906#pullrequestreview-5221719837,Review/Antwort,,AUD-01,"PR-Kontext, Einzelprüfung A11 offen",,unbekannt/nicht anwendbar,offen – Fix/Regressionstest prüfen,,,"<details> <summary>Stale comment</summary> <blockquote> ## Risk assessment: **High** — review required, not self-approved Assessed from the diff only (29 files, +182 / −2390). PR/c",PR#906:review-summary,gebündelte Review-Zusammenfassung; technische Inline-Punkte separat dispositioniert,https://github.com/Sturmi77/correlcore/pull/906#pullrequestreview-5221719837 | AUD-01 -> A01 | https://github.com/Sturmi77/correlcore/issues/977 | https://github.com/Sturmi77/correlcore/pull/991
906,https://github.com/Sturmi77/correlcore/pull/906#discussion_r4025269433,Inline,backend/migrations/versions/049_drop_entry_note_markers.py,AUD-01,"PR-Kontext, Einzelprüfung A11 offen",PRRT_kwDOSH3SD86i5b50,false,offen – Fix/Regressionstest prüfen,,,**<sub><sub>![P1 Badge](https://img.shields.io/badge/P1-orange?style=flat)</sub></sub> Backfill markers before dropping their source table** On a self-hosted instance that has not,PR#906:historical-inline,historischer Inline-Kontext; in AUD-01 / A01 übertragen,https://github.com/Sturmi77/correlcore/pull/990 | https://github.com/Sturmi77/correlcore/issues/977 | https://github.com/Sturmi77/correlcore/pull/991
906,https://github.com/Sturmi77/correlcore/pull/906#discussion_r4025269438,Inline,backend/tests/test_marker_tag_backfill_integration.py,AUD-01,"PR-Kontext, Einzelprüfung A11 offen",PRRT_kwDOSH3SD86i5b54,false,offen – Fix/Regressionstest prüfen,,,**<sub><sub>![P1 Badge](https://img.shields.io/badge/P1-orange?style=flat)</sub></sub> Remove the deleted integration test from the CI file list** Deleting this module makes the `p,PR#906:historical-inline,historischer Inline-Kontext; in AUD-01 / A01 übertragen,https://github.com/Sturmi77/correlcore/pull/990 | https://github.com/Sturmi77/correlcore/issues/977 | https://github.com/Sturmi77/correlcore/pull/991
906,https://github.com/Sturmi77/correlcore/pull/906#pullrequestreview-5221796316,Review/Antwort,,AUD-01,"PR-Kontext, Einzelprüfung A11 offen",,unbekannt/nicht anwendbar,offen – Fix/Regressionstest prüfen,,,### 💡 Codex Review Here are some automated review suggestions for this pull request. **Reviewed commit:** `1aa718d50f` <details> <summary>ℹ️ About Codex in GitHub</summary> <br/>,PR#906:review-summary,gebündelte Review-Zusammenfassung; technische Inline-Punkte separat dispositioniert,https://github.com/Sturmi77/correlcore/pull/906#pullrequestreview-5221796316 | AUD-01 -> A01 | https://github.com/Sturmi77/correlcore/issues/977 | https://github.com/Sturmi77/correlcore/pull/991
906,https://github.com/Sturmi77/correlcore/pull/906#discussion_r4025314677,Inline,backend/migrations/versions/049_drop_entry_note_markers.py,AUD-01,"PR-Kontext, Einzelprüfung A11 offen",PRRT_kwDOSH3SD86i5P-1,true,offen – Fix/Regressionstest prüfen,,,@cursoragent Crosscheck and make sure that only tags related to notes are affected and no other tags. Check and reconfirm.,PR#906:historical-inline,historischer Inline-Kontext; in AUD-01 / A01 übertragen,https://github.com/Sturmi77/correlcore/pull/990 | https://github.com/Sturmi77/correlcore/issues/977 | https://github.com/Sturmi77/correlcore/pull/991
906,https://github.com/Sturmi77/correlcore/pull/906#pullrequestreview-5221847948,Review/Antwort,,AUD-01,"PR-Kontext, Einzelprüfung A11 offen",,unbekannt/nicht anwendbar,offen – Fix/Regressionstest prüfen,,,,PR#906:review-summary,gebündelte Review-Zusammenfassung; technische Inline-Punkte separat dispositioniert,https://github.com/Sturmi77/correlcore/pull/906#pullrequestreview-5221847948 | AUD-01 -> A01 | https://github.com/Sturmi77/correlcore/issues/977 | https://github.com/Sturmi77/correlcore/pull/991
906,https://github.com/Sturmi77/correlcore/pull/906#discussion_r4025316596,Inline,backend/migrations/versions/049_drop_entry_note_markers.py,AUD-01,"PR-Kontext, Einzelprüfung A11 offen",PRRT_kwDOSH3SD86i5P-1,true,offen – Fix/Regressionstest prüfen,,,**Confirmed: other tags are not rewritten.** Migration `049` never touches `tags` or `entry_tags` — it only deletes leftover `note_marker_mood` insights and drops `entry_note_marke,PR#906:historical-inline,historischer Inline-Kontext; in AUD-01 / A01 übertragen,https://github.com/Sturmi77/correlcore/pull/990 | https://github.com/Sturmi77/correlcore/issues/977 | https://github.com/Sturmi77/correlcore/pull/991
906,https://github.com/Sturmi77/correlcore/pull/906#pullrequestreview-5221850303,Review/Antwort,,AUD-01,"PR-Kontext, Einzelprüfung A11 offen",,unbekannt/nicht anwendbar,offen – Fix/Regressionstest prüfen,,,,PR#906:review-summary,gebündelte Review-Zusammenfassung; technische Inline-Punkte separat dispositioniert,https://github.com/Sturmi77/correlcore/pull/906#pullrequestreview-5221850303 | AUD-01 -> A01 | https://github.com/Sturmi77/correlcore/issues/977 | https://github.com/Sturmi77/correlcore/pull/991
906,https://github.com/Sturmi77/correlcore/pull/906#discussion_r4025368957,Inline,backend/migrations/versions/049_drop_entry_note_markers.py,AUD-01,"PR-Kontext, Einzelprüfung A11 offen",PRRT_kwDOSH3SD86i5sUS,true,offen – Fix/Regressionstest prüfen,,,<!-- CURSOR_AUTOMATION_ID: 8040bfce-1dbd-47b2-9b9d-3569b54c343f | RUN_ID: bc-eb24695c-d272-4dc4-9162-3372c3d54d2c --> Residual High-risk cut is unchanged by the follow-up commit: `,PR#906:historical-inline,historischer Inline-Kontext; in AUD-01 / A01 übertragen,https://github.com/Sturmi77/correlcore/pull/990 | https://github.com/Sturmi77/correlcore/issues/977 | https://github.com/Sturmi77/correlcore/pull/991
906,https://github.com/Sturmi77/correlcore/pull/906#pullrequestreview-5221909595,Review/Antwort,,AUD-01,"PR-Kontext, Einzelprüfung A11 offen",,unbekannt/nicht anwendbar,offen – Fix/Regressionstest prüfen,,,"<details> <summary>Stale comment</summary> <blockquote> ## Risk assessment: **High** — review required, not self-approved Re-evaluated after synchronize (`1aa718d` → `66156a01`). P",PR#906:review-summary,gebündelte Review-Zusammenfassung; technische Inline-Punkte separat dispositioniert,https://github.com/Sturmi77/correlcore/pull/906#pullrequestreview-5221909595 | AUD-01 -> A01 | https://github.com/Sturmi77/correlcore/issues/977 | https://github.com/Sturmi77/correlcore/pull/991
906,https://github.com/Sturmi77/correlcore/pull/906#discussion_r4025386640,Inline,backend/tests/test_marker_tag_backfill_integration.py,AUD-01,"PR-Kontext, Einzelprüfung A11 offen",PRRT_kwDOSH3SD86i5b54,false,offen – Fix/Regressionstest prüfen,,,Fixed by restoring `tests/test_marker_tag_backfill_integration.py` (and the backfill service) so the CI file list resolves again. The module stays because migration 049 invokes the,PR#906:historical-inline,historischer Inline-Kontext; in AUD-01 / A01 übertragen,https://github.com/Sturmi77/correlcore/pull/990 | https://github.com/Sturmi77/correlcore/issues/977 | https://github.com/Sturmi77/correlcore/pull/991
906,https://github.com/Sturmi77/correlcore/pull/906#pullrequestreview-5221929873,Review/Antwort,,AUD-01,"PR-Kontext, Einzelprüfung A11 offen",,unbekannt/nicht anwendbar,offen – Fix/Regressionstest prüfen,,,,PR#906:review-summary,gebündelte Review-Zusammenfassung; technische Inline-Punkte separat dispositioniert,https://github.com/Sturmi77/correlcore/pull/906#pullrequestreview-5221929873 | AUD-01 -> A01 | https://github.com/Sturmi77/correlcore/issues/977 | https://github.com/Sturmi77/correlcore/pull/991
906,https://github.com/Sturmi77/correlcore/pull/906#discussion_r4025386797,Inline,backend/migrations/versions/049_drop_entry_note_markers.py,AUD-01,"PR-Kontext, Einzelprüfung A11 offen",PRRT_kwDOSH3SD86i5b50,false,offen – Fix/Regressionstest prüfen,,,"Fixed in the follow-up commit: `049.upgrade()` now runs `scripts/backfill_marker_tags.py` (subprocess, so we do not nest `asyncio.run` inside Alembic's async `run_sync`) **before**",PR#906:historical-inline,historischer Inline-Kontext; in AUD-01 / A01 übertragen,https://github.com/Sturmi77/correlcore/pull/990 | https://github.com/Sturmi77/correlcore/issues/977 | https://github.com/Sturmi77/correlcore/pull/991
906,https://github.com/Sturmi77/correlcore/pull/906#pullrequestreview-5221930046,Review/Antwort,,AUD-01,"PR-Kontext, Einzelprüfung A11 offen",,unbekannt/nicht anwendbar,offen – Fix/Regressionstest prüfen,,,,PR#906:review-summary,gebündelte Review-Zusammenfassung; technische Inline-Punkte separat dispositioniert,https://github.com/Sturmi77/correlcore/pull/906#pullrequestreview-5221930046 | AUD-01 -> A01 | https://github.com/Sturmi77/correlcore/issues/977 | https://github.com/Sturmi77/correlcore/pull/991
906,https://github.com/Sturmi77/correlcore/pull/906#discussion_r4025386991,Inline,backend/migrations/versions/049_drop_entry_note_markers.py,AUD-01,"PR-Kontext, Einzelprüfung A11 offen",PRRT_kwDOSH3SD86i5P-1,true,offen – Fix/Regressionstest prüfen,,,Cross-check confirmed: migration 049 does **not** rewrite the `tags` catalogue. - Backfill is **add-only**: it only inserts missing `entry_tags` links for marker-derived targets (p,PR#906:historical-inline,historischer Inline-Kontext; in AUD-01 / A01 übertragen,https://github.com/Sturmi77/correlcore/pull/990 | https://github.com/Sturmi77/correlcore/issues/977 | https://github.com/Sturmi77/correlcore/pull/991
906,https://github.com/Sturmi77/correlcore/pull/906#pullrequestreview-5221930266,Review/Antwort,,AUD-01,"PR-Kontext, Einzelprüfung A11 offen",,unbekannt/nicht anwendbar,offen – Fix/Regressionstest prüfen,,,,PR#906:review-summary,gebündelte Review-Zusammenfassung; technische Inline-Punkte separat dispositioniert,https://github.com/Sturmi77/correlcore/pull/906#pullrequestreview-5221930266 | AUD-01 -> A01 | https://github.com/Sturmi77/correlcore/issues/977 | https://github.com/Sturmi77/correlcore/pull/991
906,https://github.com/Sturmi77/correlcore/pull/906#discussion_r4025387143,Inline,backend/migrations/versions/049_drop_entry_note_markers.py,AUD-01,"PR-Kontext, Einzelprüfung A11 offen",PRRT_kwDOSH3SD86i5P-1,true,offen – Fix/Regressionstest prüfen,,,Addressed: upgrade now **runs** the backfill (and aborts on failure) rather than assuming a prior manual run. Completeness is gated on backfill exit status; source rows are then dr,PR#906:historical-inline,historischer Inline-Kontext; in AUD-01 / A01 übertragen,https://github.com/Sturmi77/correlcore/pull/990 | https://github.com/Sturmi77/correlcore/issues/977 | https://github.com/Sturmi77/correlcore/pull/991
906,https://github.com/Sturmi77/correlcore/pull/906#pullrequestreview-5221930447,Review/Antwort,,AUD-01,"PR-Kontext, Einzelprüfung A11 offen",,unbekannt/nicht anwendbar,offen – Fix/Regressionstest prüfen,,,,PR#906:review-summary,gebündelte Review-Zusammenfassung; technische Inline-Punkte separat dispositioniert,https://github.com/Sturmi77/correlcore/pull/906#pullrequestreview-5221930447 | AUD-01 -> A01 | https://github.com/Sturmi77/correlcore/issues/977 | https://github.com/Sturmi77/correlcore/pull/991
906,https://github.com/Sturmi77/correlcore/pull/906#discussion_r4025470553,Inline,backend/migrations/versions/049_drop_entry_note_markers.py,AUD-01,"PR-Kontext, Einzelprüfung A11 offen",PRRT_kwDOSH3SD86i59IP,true,offen – Fix/Regressionstest prüfen,,,<!-- CURSOR_AUTOMATION_ID: 8040bfce-1dbd-47b2-9b9d-3569b54c343f | RUN_ID: bc-9bed2b91-58ec-47c5-a09d-4678bae64434 --> This abort only sees the subprocess exit code. `scripts/backfi,PR#906:historical-inline,historischer Inline-Kontext; in AUD-01 / A01 übertragen,https://github.com/Sturmi77/correlcore/pull/990 | https://github.com/Sturmi77/correlcore/issues/977 | https://github.com/Sturmi77/correlcore/pull/991
906,https://github.com/Sturmi77/correlcore/pull/906#discussion_r4025470556,Inline,backend/app/services/marker_tag_backfill_service.py,AUD-01,"PR-Kontext, Einzelprüfung A11 offen",PRRT_kwDOSH3SD86i59IR,true,offen – Fix/Regressionstest prüfen,,,"<!-- CURSOR_AUTOMATION_ID: 8040bfce-1dbd-47b2-9b9d-3569b54c343f | RUN_ID: bc-9bed2b91-58ec-47c5-a09d-4678bae64434 --> Because this path continues after a per-user failure, a produc",PR#906:historical-inline,historischer Inline-Kontext; in AUD-01 / A01 übertragen,https://github.com/Sturmi77/correlcore/pull/990 | https://github.com/Sturmi77/correlcore/issues/977 | https://github.com/Sturmi77/correlcore/pull/991
906,https://github.com/Sturmi77/correlcore/pull/906#pullrequestreview-5222023894,Review/Antwort,,AUD-01,"PR-Kontext, Einzelprüfung A11 offen",,unbekannt/nicht anwendbar,offen – Fix/Regressionstest prüfen,,,"<details> <summary>Stale comment</summary> <blockquote> ## Risk assessment: **High** — review required, not self-approved Re-evaluated after synchronize (`66156a01` → `c8dd7768` +",PR#906:review-summary,gebündelte Review-Zusammenfassung; technische Inline-Punkte separat dispositioniert,https://github.com/Sturmi77/correlcore/pull/906#pullrequestreview-5222023894 | AUD-01 -> A01 | https://github.com/Sturmi77/correlcore/issues/977 | https://github.com/Sturmi77/correlcore/pull/991
906,https://github.com/Sturmi77/correlcore/pull/906#discussion_r4025526705,Inline,backend/migrations/versions/049_drop_entry_note_markers.py,AUD-01,"PR-Kontext, Einzelprüfung A11 offen",PRRT_kwDOSH3SD86i6Gfm,true,offen – Fix/Regressionstest prüfen,,,<!-- CURSOR_AUTOMATION_ID: 8040bfce-1dbd-47b2-9b9d-3569b54c343f | RUN_ID: bc-a596d01f-4ed1-4901-be1c-42361afb68ec --> This abort only sees the subprocess exit code. `scripts/backfi,PR#906:historical-inline,historischer Inline-Kontext; in AUD-01 / A01 übertragen,https://github.com/Sturmi77/correlcore/pull/990 | https://github.com/Sturmi77/correlcore/issues/977 | https://github.com/Sturmi77/correlcore/pull/991
906,https://github.com/Sturmi77/correlcore/pull/906#discussion_r4025526714,Inline,backend/migrations/versions/049_drop_entry_note_markers.py,AUD-01,"PR-Kontext, Einzelprüfung A11 offen",PRRT_kwDOSH3SD86i6Gfs,true,offen – Fix/Regressionstest prüfen,,,<!-- CURSOR_AUTOMATION_ID: 8040bfce-1dbd-47b2-9b9d-3569b54c343f | RUN_ID: bc-a596d01f-4ed1-4901-be1c-42361afb68ec --> Irreversible production-data cut. Downgrade recreates an empty,PR#906:historical-inline,historischer Inline-Kontext; in AUD-01 / A01 übertragen,https://github.com/Sturmi77/correlcore/pull/990 | https://github.com/Sturmi77/correlcore/issues/977 | https://github.com/Sturmi77/correlcore/pull/991
906,https://github.com/Sturmi77/correlcore/pull/906#pullrequestreview-5222085816,Review/Antwort,,AUD-01,"PR-Kontext, Einzelprüfung A11 offen",,unbekannt/nicht anwendbar,offen – Fix/Regressionstest prüfen,,,"<details> <summary>Stale comment</summary> <blockquote> ## Risk assessment: **High** — review required, not self-approved Re-evaluated after synchronize (`3d4327aa`). Assessed from",PR#906:review-summary,gebündelte Review-Zusammenfassung; technische Inline-Punkte separat dispositioniert,https://github.com/Sturmi77/correlcore/pull/906#pullrequestreview-5222085816 | AUD-01 -> A01 | https://github.com/Sturmi77/correlcore/issues/977 | https://github.com/Sturmi77/correlcore/pull/991
906,https://github.com/Sturmi77/correlcore/pull/906#discussion_r4025574644,Inline,backend/migrations/versions/049_drop_entry_note_markers.py,AUD-01,"PR-Kontext, Einzelprüfung A11 offen",PRRT_kwDOSH3SD86i6OfO,true,offen – Fix/Regressionstest prüfen,,,<!-- CURSOR_AUTOMATION_ID: 8040bfce-1dbd-47b2-9b9d-3569b54c343f | RUN_ID: bc-0f80755c-726e-41ec-8277-b89a48fc914a --> This abort only sees the subprocess exit code. `scripts/backfi,PR#906:historical-inline,historischer Inline-Kontext; in AUD-01 / A01 übertragen,https://github.com/Sturmi77/correlcore/pull/990 | https://github.com/Sturmi77/correlcore/issues/977 | https://github.com/Sturmi77/correlcore/pull/991
906,https://github.com/Sturmi77/correlcore/pull/906#discussion_r4025574652,Inline,backend/migrations/versions/049_drop_entry_note_markers.py,AUD-01,"PR-Kontext, Einzelprüfung A11 offen",PRRT_kwDOSH3SD86i6OfU,true,offen – Fix/Regressionstest prüfen,,,<!-- CURSOR_AUTOMATION_ID: 8040bfce-1dbd-47b2-9b9d-3569b54c343f | RUN_ID: bc-0f80755c-726e-41ec-8277-b89a48fc914a --> Irreversible production-data cut. Downgrade recreates an empty,PR#906:historical-inline,historischer Inline-Kontext; in AUD-01 / A01 übertragen,https://github.com/Sturmi77/correlcore/pull/990 | https://github.com/Sturmi77/correlcore/issues/977 | https://github.com/Sturmi77/correlcore/pull/991
906,https://github.com/Sturmi77/correlcore/pull/906#discussion_r4025574656,Inline,.github/workflows/ci-api.yml,AUD-01,"PR-Kontext, Einzelprüfung A11 offen",PRRT_kwDOSH3SD86i6OfX,false,offen – Fix/Regressionstest prüfen,,,<!-- CURSOR_AUTOMATION_ID: 8040bfce-1dbd-47b2-9b9d-3569b54c343f | RUN_ID: bc-0f80755c-726e-41ec-8277-b89a48fc914a --> Head CI no longer runs `tests/test_marker_tag_backfill_integra,PR#906:historical-inline,historischer Inline-Kontext; in AUD-01 / A01 übertragen,https://github.com/Sturmi77/correlcore/pull/990 | https://github.com/Sturmi77/correlcore/issues/977 | https://github.com/Sturmi77/correlcore/pull/991
906,https://github.com/Sturmi77/correlcore/pull/906#pullrequestreview-5222138863,Review/Antwort,,AUD-01,"PR-Kontext, Einzelprüfung A11 offen",,unbekannt/nicht anwendbar,offen – Fix/Regressionstest prüfen,,,"<details> <summary>Stale comment</summary> <blockquote> ## Risk assessment: **High** — review required, not self-approved Re-evaluated on `1fb696f2` (synchronize). Assessed from th",PR#906:review-summary,gebündelte Review-Zusammenfassung; technische Inline-Punkte separat dispositioniert,https://github.com/Sturmi77/correlcore/pull/906#pullrequestreview-5222138863 | AUD-01 -> A01 | https://github.com/Sturmi77/correlcore/issues/977 | https://github.com/Sturmi77/correlcore/pull/991
906,https://github.com/Sturmi77/correlcore/pull/906#discussion_r4026322076,Inline,backend/migrations/versions/049_drop_entry_note_markers.py,AUD-01,"PR-Kontext, Einzelprüfung A11 offen",PRRT_kwDOSH3SD86i8Iu5,false,offen – Fix/Regressionstest prüfen,,,<!-- CURSOR_AUTOMATION_ID: 8040bfce-1dbd-47b2-9b9d-3569b54c343f | RUN_ID: bc-2a5f8398-a6ba-46a1-a8c3-42cf94ab8098 --> Irreversible production-data cut. Downgrade recreates an empty,PR#906:historical-inline,historischer Inline-Kontext; in AUD-01 / A01 übertragen,https://github.com/Sturmi77/correlcore/pull/990 | https://github.com/Sturmi77/correlcore/issues/977 | https://github.com/Sturmi77/correlcore/pull/991
906,https://github.com/Sturmi77/correlcore/pull/906#discussion_r4026322082,Inline,backend/app/models/insight.py,AUD-01,"PR-Kontext, Einzelprüfung A11 offen",PRRT_kwDOSH3SD86i8Iu7,false,offen – Fix/Regressionstest prüfen,,,<!-- CURSOR_AUTOMATION_ID: 8040bfce-1dbd-47b2-9b9d-3569b54c343f | RUN_ID: bc-2a5f8398-a6ba-46a1-a8c3-42cf94ab8098 --> Deploy-order residual: this change set removes `InsightType.NO,PR#906:historical-inline,historischer Inline-Kontext; in AUD-01 / A01 übertragen,https://github.com/Sturmi77/correlcore/pull/990 | https://github.com/Sturmi77/correlcore/issues/977 | https://github.com/Sturmi77/correlcore/pull/991
906,https://github.com/Sturmi77/correlcore/pull/906#discussion_r4026322087,Inline,.github/workflows/ci-api.yml,AUD-01,"PR-Kontext, Einzelprüfung A11 offen",PRRT_kwDOSH3SD86i8Iu-,false,offen – Fix/Regressionstest prüfen,,,<!-- CURSOR_AUTOMATION_ID: 8040bfce-1dbd-47b2-9b9d-3569b54c343f | RUN_ID: bc-2a5f8398-a6ba-46a1-a8c3-42cf94ab8098 --> Head CI still does not run `tests/test_marker_tag_backfill_int,PR#906:historical-inline,historischer Inline-Kontext; in AUD-01 / A01 übertragen,https://github.com/Sturmi77/correlcore/pull/990 | https://github.com/Sturmi77/correlcore/issues/977 | https://github.com/Sturmi77/correlcore/pull/991
906,https://github.com/Sturmi77/correlcore/pull/906#pullrequestreview-5223012054,Review/Antwort,,AUD-01,"PR-Kontext, Einzelprüfung A11 offen",,unbekannt/nicht anwendbar,offen – Fix/Regressionstest prüfen,,,"<details> <summary>Stale comment</summary> <blockquote> ## Risk assessment: **High** — review required, not self-approved Re-evaluated on `f11de6e4` (synchronize). Assessed from th",PR#906:review-summary,gebündelte Review-Zusammenfassung; technische Inline-Punkte separat dispositioniert,https://github.com/Sturmi77/correlcore/pull/906#pullrequestreview-5223012054 | AUD-01 -> A01 | https://github.com/Sturmi77/correlcore/issues/977 | https://github.com/Sturmi77/correlcore/pull/991
906,https://github.com/Sturmi77/correlcore/pull/906#discussion_r4026326320,Inline,backend/migrations/versions/049_drop_entry_note_markers.py,AUD-01,"PR-Kontext, Einzelprüfung A11 offen",PRRT_kwDOSH3SD86i6OfO,true,offen – Fix/Regressionstest prüfen,,,"Fixed: `scripts/backfill_marker_tags.py` now returns **exit 1** when `summary.users_failed > 0`. Migration 049 still aborts on non-zero exit, so a partial per-user failure can no l",PR#906:historical-inline,historischer Inline-Kontext; in AUD-01 / A01 übertragen,https://github.com/Sturmi77/correlcore/pull/990 | https://github.com/Sturmi77/correlcore/issues/977 | https://github.com/Sturmi77/correlcore/pull/991
906,https://github.com/Sturmi77/correlcore/pull/906#pullrequestreview-5223016779,Review/Antwort,,AUD-01,"PR-Kontext, Einzelprüfung A11 offen",,unbekannt/nicht anwendbar,offen – Fix/Regressionstest prüfen,,,,PR#906:review-summary,gebündelte Review-Zusammenfassung; technische Inline-Punkte separat dispositioniert,https://github.com/Sturmi77/correlcore/pull/906#pullrequestreview-5223016779 | AUD-01 -> A01 | https://github.com/Sturmi77/correlcore/issues/977 | https://github.com/Sturmi77/correlcore/pull/991
906,https://github.com/Sturmi77/correlcore/pull/906#discussion_r4026326617,Inline,backend/migrations/versions/049_drop_entry_note_markers.py,AUD-01,"PR-Kontext, Einzelprüfung A11 offen",PRRT_kwDOSH3SD86i6OfU,true,offen – Fix/Regressionstest prüfen,,,"Fixed: `scripts/backfill_marker_tags.py` now returns **exit 1** when `summary.users_failed > 0`. Migration 049 still aborts on non-zero exit, so a partial per-user failure can no l",PR#906:historical-inline,historischer Inline-Kontext; in AUD-01 / A01 übertragen,https://github.com/Sturmi77/correlcore/pull/990 | https://github.com/Sturmi77/correlcore/issues/977 | https://github.com/Sturmi77/correlcore/pull/991
906,https://github.com/Sturmi77/correlcore/pull/906#pullrequestreview-5223017152,Review/Antwort,,AUD-01,"PR-Kontext, Einzelprüfung A11 offen",,unbekannt/nicht anwendbar,offen – Fix/Regressionstest prüfen,,,,PR#906:review-summary,gebündelte Review-Zusammenfassung; technische Inline-Punkte separat dispositioniert,https://github.com/Sturmi77/correlcore/pull/906#pullrequestreview-5223017152 | AUD-01 -> A01 | https://github.com/Sturmi77/correlcore/issues/977 | https://github.com/Sturmi77/correlcore/pull/991
906,https://github.com/Sturmi77/correlcore/pull/906#discussion_r4027348480,Inline,backend/migrations/versions/049_drop_entry_note_markers.py,AUD-01,"PR-Kontext, Einzelprüfung A11 offen",PRRT_kwDOSH3SD86i-xTW,false,offen – Fix/Regressionstest prüfen,,,<!-- CURSOR_AUTOMATION_ID: 8040bfce-1dbd-47b2-9b9d-3569b54c343f | RUN_ID: bc-1f5b73dc-05d0-4e16-bd61-08e16ffb600f --> Irreversible production-data cut. Downgrade recreates an empty,PR#906:historical-inline,historischer Inline-Kontext; in AUD-01 / A01 übertragen,https://github.com/Sturmi77/correlcore/pull/990 | https://github.com/Sturmi77/correlcore/issues/977 | https://github.com/Sturmi77/correlcore/pull/991
906,https://github.com/Sturmi77/correlcore/pull/906#discussion_r4027348487,Inline,backend/app/models/insight.py,AUD-01,"PR-Kontext, Einzelprüfung A11 offen",PRRT_kwDOSH3SD86i-xTa,false,offen – Fix/Regressionstest prüfen,,,<!-- CURSOR_AUTOMATION_ID: 8040bfce-1dbd-47b2-9b9d-3569b54c343f | RUN_ID: bc-1f5b73dc-05d0-4e16-bd61-08e16ffb600f --> Deploy-order residual: this change set removes `InsightType.NO,PR#906:historical-inline,historischer Inline-Kontext; in AUD-01 / A01 übertragen,https://github.com/Sturmi77/correlcore/pull/990 | https://github.com/Sturmi77/correlcore/issues/977 | https://github.com/Sturmi77/correlcore/pull/991
906,https://github.com/Sturmi77/correlcore/pull/906#discussion_r4027348493,Inline,.github/workflows/ci-api.yml,AUD-01,"PR-Kontext, Einzelprüfung A11 offen",PRRT_kwDOSH3SD86i-xTe,false,offen – Fix/Regressionstest prüfen,,,<!-- CURSOR_AUTOMATION_ID: 8040bfce-1dbd-47b2-9b9d-3569b54c343f | RUN_ID: bc-1f5b73dc-05d0-4e16-bd61-08e16ffb600f --> Head CI still does not run `tests/test_marker_tag_backfill_int,PR#906:historical-inline,historischer Inline-Kontext; in AUD-01 / A01 übertragen,https://github.com/Sturmi77/correlcore/pull/990 | https://github.com/Sturmi77/correlcore/issues/977 | https://github.com/Sturmi77/correlcore/pull/991
906,https://github.com/Sturmi77/correlcore/pull/906#pullrequestreview-5224235541,Review/Antwort,,AUD-01,"PR-Kontext, Einzelprüfung A11 offen",,unbekannt/nicht anwendbar,offen – Fix/Regressionstest prüfen,,,"<!-- CURSOR_AUTOMATION_ID: 8040bfce-1dbd-47b2-9b9d-3569b54c343f | RUN_ID: bc-1f5b73dc-05d0-4e16-bd61-08e16ffb600f --> ## Risk assessment: **High** — review required, not self-appro",PR#906:review-summary,gebündelte Review-Zusammenfassung; technische Inline-Punkte separat dispositioniert,https://github.com/Sturmi77/correlcore/pull/906#pullrequestreview-5224235541 | AUD-01 -> A01 | https://github.com/Sturmi77/correlcore/issues/977 | https://github.com/Sturmi77/correlcore/pull/991
905,https://github.com/Sturmi77/correlcore/pull/905#pullrequestreview-5221644919,Review/Antwort,,AUD-36,"PR-Kontext, Einzelprüfung A11 offen",,unbekannt/nicht anwendbar,offen – Fix/Regressionstest prüfen,,,<!-- CURSOR_AUTOMATION_ID: 8040bfce-1dbd-47b2-9b9d-3569b54c343f | RUN_ID: bc-0b0d0528-04e6-4a60-afd8-5c67ea62ab7a --> ## Risk assessment: Very Low **Review required:** No **Reviewe,PR#905:review-summary,gebündelte Review-Zusammenfassung; technische Inline-Punkte separat dispositioniert,https://github.com/Sturmi77/correlcore/pull/905#pullrequestreview-5221644919 | AUD-36 -> A11 | https://github.com/Sturmi77/correlcore/issues/985
904,https://github.com/Sturmi77/correlcore/pull/904#pullrequestreview-5206506884,Review/Antwort,,AUD-33,"PR-Kontext, Einzelprüfung A11 offen",,unbekannt/nicht anwendbar,offen – Fix/Regressionstest prüfen,,,<details> <summary>Stale comment</summary> <blockquote> ## Risk assessment: **Low** Derived from the diff only (not the PR description). ### What changed - **Migration 048:** addit,PR#904:review-summary,gebündelte Review-Zusammenfassung; technische Inline-Punkte separat dispositioniert,https://github.com/Sturmi77/correlcore/pull/904#pullrequestreview-5206506884 | AUD-33 -> A04 | https://github.com/Sturmi77/correlcore/issues/979 | https://github.com/Sturmi77/correlcore/pull/993
904,https://github.com/Sturmi77/correlcore/pull/904#discussion_r4012807939,Inline,apps/web/src/routes/settings/tags/+page.svelte,AUD-33,"PR-Kontext, Einzelprüfung A11 offen",PRRT_kwDOSH3SD86iZ-OU,false,offen – Fix/Regressionstest prüfen,,,**<sub><sub>![P2 Badge](https://img.shields.io/badge/P2-yellow?style=flat)</sub></sub> Preserve drafts when toggling a pin** When a user edits an existing tag row and then clicks P,PR#904:historical-inline,historischer Inline-Kontext; in AUD-33 / A04 übertragen,https://github.com/Sturmi77/correlcore/pull/990 | https://github.com/Sturmi77/correlcore/issues/979 | https://github.com/Sturmi77/correlcore/pull/993
904,https://github.com/Sturmi77/correlcore/pull/904#discussion_r4012807946,Inline,backend/app/schemas/tag.py,AUD-33,"PR-Kontext, Einzelprüfung A11 offen",PRRT_kwDOSH3SD86iZ-Ob,false,offen – Fix/Regressionstest prüfen,,,"**<sub><sub>![P2 Badge](https://img.shields.io/badge/P2-yellow?style=flat)</sub></sub> Reject null for the pin flag** A direct API client can send `{""is_pinned"": null}` because thi",PR#904:historical-inline,historischer Inline-Kontext; in AUD-33 / A04 übertragen,https://github.com/Sturmi77/correlcore/pull/990 | https://github.com/Sturmi77/correlcore/issues/979 | https://github.com/Sturmi77/correlcore/pull/993
904,https://github.com/Sturmi77/correlcore/pull/904#discussion_r4012807950,Inline,apps/web/src/routes/settings/tags/+page.svelte,AUD-33,"PR-Kontext, Einzelprüfung A11 offen",PRRT_kwDOSH3SD86iZ-Oh,false,offen – Fix/Regressionstest prüfen,,,**<sub><sub>![P2 Badge](https://img.shields.io/badge/P2-yellow?style=flat)</sub></sub> Remap stale default IDs after pinning** When one device has an unsynced entry containing a cu,PR#904:historical-inline,historischer Inline-Kontext; in AUD-33 / A04 übertragen,https://github.com/Sturmi77/correlcore/pull/990 | https://github.com/Sturmi77/correlcore/issues/979 | https://github.com/Sturmi77/correlcore/pull/993
904,https://github.com/Sturmi77/correlcore/pull/904#pullrequestreview-5206545005,Review/Antwort,,AUD-33,"PR-Kontext, Einzelprüfung A11 offen",,unbekannt/nicht anwendbar,offen – Fix/Regressionstest prüfen,,,### 💡 Codex Review Here are some automated review suggestions for this pull request. **Reviewed commit:** `a584355300` <details> <summary>ℹ️ About Codex in GitHub</summary> <br/>,PR#904:review-summary,gebündelte Review-Zusammenfassung; technische Inline-Punkte separat dispositioniert,https://github.com/Sturmi77/correlcore/pull/904#pullrequestreview-5206545005 | AUD-33 -> A04 | https://github.com/Sturmi77/correlcore/issues/979 | https://github.com/Sturmi77/correlcore/pull/993
904,https://github.com/Sturmi77/correlcore/pull/904#discussion_r4014447341,Inline,apps/web/src/routes/settings/tags/+page.svelte,AUD-33,"PR-Kontext, Einzelprüfung A11 offen",PRRT_kwDOSH3SD86iZ-OU,false,offen – Fix/Regressionstest prüfen,,,"Fixed in `00d894e8`. Pin and hide toggles now call `reloadAfterFlagToggle()`, which refreshes the tag list but reattaches existing drafts by slug (so a default→override id change k",PR#904:historical-inline,historischer Inline-Kontext; in AUD-33 / A04 übertragen,https://github.com/Sturmi77/correlcore/pull/990 | https://github.com/Sturmi77/correlcore/issues/979 | https://github.com/Sturmi77/correlcore/pull/993
904,https://github.com/Sturmi77/correlcore/pull/904#pullrequestreview-5208540294,Review/Antwort,,AUD-33,"PR-Kontext, Einzelprüfung A11 offen",,unbekannt/nicht anwendbar,offen – Fix/Regressionstest prüfen,,,,PR#904:review-summary,gebündelte Review-Zusammenfassung; technische Inline-Punkte separat dispositioniert,https://github.com/Sturmi77/correlcore/pull/904#pullrequestreview-5208540294 | AUD-33 -> A04 | https://github.com/Sturmi77/correlcore/issues/979 | https://github.com/Sturmi77/correlcore/pull/993
904,https://github.com/Sturmi77/correlcore/pull/904#discussion_r4014447522,Inline,backend/app/schemas/tag.py,AUD-33,"PR-Kontext, Einzelprüfung A11 offen",PRRT_kwDOSH3SD86iZ-Ob,false,offen – Fix/Regressionstest prüfen,,,Fixed in `00d894e8`. `TagUpdate` rejects explicit `null` for `is_pinned` / `is_hidden` / `include_in_analytics` (422); omission remains valid for partial PATCH. Covered by `test_ta,PR#904:historical-inline,historischer Inline-Kontext; in AUD-33 / A04 übertragen,https://github.com/Sturmi77/correlcore/pull/990 | https://github.com/Sturmi77/correlcore/issues/979 | https://github.com/Sturmi77/correlcore/pull/993
904,https://github.com/Sturmi77/correlcore/pull/904#pullrequestreview-5208540502,Review/Antwort,,AUD-33,"PR-Kontext, Einzelprüfung A11 offen",,unbekannt/nicht anwendbar,offen – Fix/Regressionstest prüfen,,,,PR#904:review-summary,gebündelte Review-Zusammenfassung; technische Inline-Punkte separat dispositioniert,https://github.com/Sturmi77/correlcore/pull/904#pullrequestreview-5208540502 | AUD-33 -> A04 | https://github.com/Sturmi77/correlcore/issues/979 | https://github.com/Sturmi77/correlcore/pull/993
904,https://github.com/Sturmi77/correlcore/pull/904#discussion_r4014447721,Inline,apps/web/src/routes/settings/tags/+page.svelte,AUD-33,"PR-Kontext, Einzelprüfung A11 offen",PRRT_kwDOSH3SD86iZ-Oh,false,offen – Fix/Regressionstest prüfen,,,Fixed in `00d894e8`. `_resolve_sync_tag_ids` remaps shadowed curated-default IDs onto the user's non-hidden override instead of dropping them from the offline outbox. Covered by `t,PR#904:historical-inline,historischer Inline-Kontext; in AUD-33 / A04 übertragen,https://github.com/Sturmi77/correlcore/pull/990 | https://github.com/Sturmi77/correlcore/issues/979 | https://github.com/Sturmi77/correlcore/pull/993
904,https://github.com/Sturmi77/correlcore/pull/904#pullrequestreview-5208540683,Review/Antwort,,AUD-33,"PR-Kontext, Einzelprüfung A11 offen",,unbekannt/nicht anwendbar,offen – Fix/Regressionstest prüfen,,,,PR#904:review-summary,gebündelte Review-Zusammenfassung; technische Inline-Punkte separat dispositioniert,https://github.com/Sturmi77/correlcore/pull/904#pullrequestreview-5208540683 | AUD-33 -> A04 | https://github.com/Sturmi77/correlcore/issues/979 | https://github.com/Sturmi77/correlcore/pull/993
902,https://github.com/Sturmi77/correlcore/pull/902#discussion_r4008006223,Inline,apps/web/src/lib/components/entries/TagPicker.svelte,AUD-01,"PR-Kontext, Einzelprüfung A11 offen",PRRT_kwDOSH3SD86iOD09,true,offen – Fix/Regressionstest prüfen,,,"<!-- CURSOR_AUTOMATION_ID: 8040bfce-1dbd-47b2-9b9d-3569b54c343f | RUN_ID: bc-b1d94be6-f99c-4e1d-8cb2-6162ad580beb --> The disclosure is gated on `hasQuick`, and `quickTags` always",PR#902:historical-inline,historischer Inline-Kontext; in AUD-01 / A01 übertragen,https://github.com/Sturmi77/correlcore/pull/990 | https://github.com/Sturmi77/correlcore/issues/977 | https://github.com/Sturmi77/correlcore/pull/991
902,https://github.com/Sturmi77/correlcore/pull/902#pullrequestreview-5201072541,Review/Antwort,,AUD-01,"PR-Kontext, Einzelprüfung A11 offen",,unbekannt/nicht anwendbar,offen – Fix/Regressionstest prüfen,,,"<details> <summary>Stale comment</summary> <blockquote> ## Risk assessment: **Medium** — review required, not self-approved Assessed from the diff only (32 files, +461 / −1140). PR",PR#902:review-summary,gebündelte Review-Zusammenfassung; technische Inline-Punkte separat dispositioniert,https://github.com/Sturmi77/correlcore/pull/902#pullrequestreview-5201072541 | AUD-01 -> A01 | https://github.com/Sturmi77/correlcore/issues/977 | https://github.com/Sturmi77/correlcore/pull/991
902,https://github.com/Sturmi77/correlcore/pull/902#discussion_r4008057215,Inline,apps/web/src/lib/components/entries/TagPicker.svelte,AUD-01,"PR-Kontext, Einzelprüfung A11 offen",PRRT_kwDOSH3SD86iOMGb,true,offen – Fix/Regressionstest prüfen,,,**<sub><sub>![P2 Badge](https://img.shields.io/badge/P2-yellow?style=flat)</sub></sub> Include analytics-excluded tags in recent shortcuts** When a user disables `include_in_analyt,PR#902:historical-inline,historischer Inline-Kontext; in AUD-01 / A01 übertragen,https://github.com/Sturmi77/correlcore/pull/990 | https://github.com/Sturmi77/correlcore/issues/977 | https://github.com/Sturmi77/correlcore/pull/991
902,https://github.com/Sturmi77/correlcore/pull/902#pullrequestreview-5201129758,Review/Antwort,,AUD-01,"PR-Kontext, Einzelprüfung A11 offen",,unbekannt/nicht anwendbar,offen – Fix/Regressionstest prüfen,,,### 💡 Codex Review Here are some automated review suggestions for this pull request. **Reviewed commit:** `ec06fc6761` <details> <summary>ℹ️ About Codex in GitHub</summary> <br/>,PR#902:review-summary,gebündelte Review-Zusammenfassung; technische Inline-Punkte separat dispositioniert,https://github.com/Sturmi77/correlcore/pull/902#pullrequestreview-5201129758 | AUD-01 -> A01 | https://github.com/Sturmi77/correlcore/issues/977 | https://github.com/Sturmi77/correlcore/pull/991
902,https://github.com/Sturmi77/correlcore/pull/902#discussion_r4008099449,Inline,apps/web/src/lib/components/entries/TagPicker.svelte,AUD-01,"PR-Kontext, Einzelprüfung A11 offen",PRRT_kwDOSH3SD86iOS22,true,offen – Fix/Regressionstest prüfen,,,"<!-- CURSOR_AUTOMATION_ID: 8040bfce-1dbd-47b2-9b9d-3569b54c343f | RUN_ID: bc-0d11be53-5c0c-42ad-9c74-1fa7d6e81d63 --> The disclosure is gated on `hasQuick`, and `quickTags` always",PR#902:historical-inline,historischer Inline-Kontext; in AUD-01 / A01 übertragen,https://github.com/Sturmi77/correlcore/pull/990 | https://github.com/Sturmi77/correlcore/issues/977 | https://github.com/Sturmi77/correlcore/pull/991
902,https://github.com/Sturmi77/correlcore/pull/902#pullrequestreview-5201178331,Review/Antwort,,AUD-01,"PR-Kontext, Einzelprüfung A11 offen",,unbekannt/nicht anwendbar,offen – Fix/Regressionstest prüfen,,,"<details> <summary>Stale comment</summary> <blockquote> ## Risk assessment: **Medium** — review required, not self-approved Re-evaluated after `d19ffcc` (`test(insights): drop stal",PR#902:review-summary,gebündelte Review-Zusammenfassung; technische Inline-Punkte separat dispositioniert,https://github.com/Sturmi77/correlcore/pull/902#pullrequestreview-5201178331 | AUD-01 -> A01 | https://github.com/Sturmi77/correlcore/issues/977 | https://github.com/Sturmi77/correlcore/pull/991
902,https://github.com/Sturmi77/correlcore/pull/902#pullrequestreview-5201216129,Review/Antwort,,AUD-01,"PR-Kontext, Einzelprüfung A11 offen",,unbekannt/nicht anwendbar,offen – Fix/Regressionstest prüfen,,,"<details> <summary>Stale comment</summary> <blockquote> ## Risk assessment: Medium Re-evaluated on `642de520` (synchronize). 33 files, +493/−1143. Risk is derived from the diff, no",PR#902:review-summary,gebündelte Review-Zusammenfassung; technische Inline-Punkte separat dispositioniert,https://github.com/Sturmi77/correlcore/pull/902#pullrequestreview-5201216129 | AUD-01 -> A01 | https://github.com/Sturmi77/correlcore/issues/977 | https://github.com/Sturmi77/correlcore/pull/991
902,https://github.com/Sturmi77/correlcore/pull/902#discussion_r4008133900,Inline,apps/web/src/lib/components/entries/TagPicker.svelte,AUD-01,"PR-Kontext, Einzelprüfung A11 offen",PRRT_kwDOSH3SD86iOS22,true,offen – Fix/Regressionstest prüfen,,,"Fixed in `642de52`. The ""All tags"" disclosure is now gated on real recency data (`hasRecency` = recency IDs mapped to still-existing tags), not on `selected`. `quickTags` unions th",PR#902:historical-inline,historischer Inline-Kontext; in AUD-01 / A01 übertragen,https://github.com/Sturmi77/correlcore/pull/990 | https://github.com/Sturmi77/correlcore/issues/977 | https://github.com/Sturmi77/correlcore/pull/991
902,https://github.com/Sturmi77/correlcore/pull/902#pullrequestreview-5201216885,Review/Antwort,,AUD-01,"PR-Kontext, Einzelprüfung A11 offen",,unbekannt/nicht anwendbar,offen – Fix/Regressionstest prüfen,,,,PR#902:review-summary,gebündelte Review-Zusammenfassung; technische Inline-Punkte separat dispositioniert,https://github.com/Sturmi77/correlcore/pull/902#pullrequestreview-5201216885 | AUD-01 -> A01 | https://github.com/Sturmi77/correlcore/issues/977 | https://github.com/Sturmi77/correlcore/pull/991
902,https://github.com/Sturmi77/correlcore/pull/902#discussion_r4008134411,Inline,apps/web/src/lib/components/entries/TagPicker.svelte,AUD-01,"PR-Kontext, Einzelprüfung A11 offen",PRRT_kwDOSH3SD86iOMGb,true,offen – Fix/Regressionstest prüfen,,,"Confirmed — `get_tag_heatmap` applies `analytics_tag_predicate` (`tag_service.py:291`), so a tag with `include_in_analytics=false` is omitted from the ""Recently used"" row even if u",PR#902:historical-inline,historischer Inline-Kontext; in AUD-01 / A01 übertragen,https://github.com/Sturmi77/correlcore/pull/990 | https://github.com/Sturmi77/correlcore/issues/977 | https://github.com/Sturmi77/correlcore/pull/991
902,https://github.com/Sturmi77/correlcore/pull/902#pullrequestreview-5201217476,Review/Antwort,,AUD-01,"PR-Kontext, Einzelprüfung A11 offen",,unbekannt/nicht anwendbar,offen – Fix/Regressionstest prüfen,,,,PR#902:review-summary,gebündelte Review-Zusammenfassung; technische Inline-Punkte separat dispositioniert,https://github.com/Sturmi77/correlcore/pull/902#pullrequestreview-5201217476 | AUD-01 -> A01 | https://github.com/Sturmi77/correlcore/issues/977 | https://github.com/Sturmi77/correlcore/pull/991
902,https://github.com/Sturmi77/correlcore/pull/902#discussion_r4008224153,Inline,apps/web/src/lib/components/entries/TagPicker.svelte,AUD-01,"PR-Kontext, Einzelprüfung A11 offen",PRRT_kwDOSH3SD86iOMGb,true,offen – Fix/Regressionstest prüfen,,,"Addressed in `33d1e43` (author opted to fix). `get_tag_heatmap` now takes an opt-in `include_non_analytics` mode: when set it uses `active_tag_predicate` (visible/hidden-aware, no",PR#902:historical-inline,historischer Inline-Kontext; in AUD-01 / A01 übertragen,https://github.com/Sturmi77/correlcore/pull/990 | https://github.com/Sturmi77/correlcore/issues/977 | https://github.com/Sturmi77/correlcore/pull/991
902,https://github.com/Sturmi77/correlcore/pull/902#pullrequestreview-5201317119,Review/Antwort,,AUD-01,"PR-Kontext, Einzelprüfung A11 offen",,unbekannt/nicht anwendbar,offen – Fix/Regressionstest prüfen,,,,PR#902:review-summary,gebündelte Review-Zusammenfassung; technische Inline-Punkte separat dispositioniert,https://github.com/Sturmi77/correlcore/pull/902#pullrequestreview-5201317119 | AUD-01 -> A01 | https://github.com/Sturmi77/correlcore/issues/977 | https://github.com/Sturmi77/correlcore/pull/991
902,https://github.com/Sturmi77/correlcore/pull/902#pullrequestreview-5201339304,Review/Antwort,,AUD-01,"PR-Kontext, Einzelprüfung A11 offen",,unbekannt/nicht anwendbar,offen – Fix/Regressionstest prüfen,,,<!-- CURSOR_AUTOMATION_ID: 8040bfce-1dbd-47b2-9b9d-3569b54c343f | RUN_ID: bc-946387e0-e05b-4ecb-ac30-c22cd34023c3 --> ## Risk assessment: Medium Re-evaluated on `ee297188` (synchro,PR#902:review-summary,gebündelte Review-Zusammenfassung; technische Inline-Punkte separat dispositioniert,https://github.com/Sturmi77/correlcore/pull/902#pullrequestreview-5201339304 | AUD-01 -> A01 | https://github.com/Sturmi77/correlcore/issues/977 | https://github.com/Sturmi77/correlcore/pull/991
900,https://github.com/Sturmi77/correlcore/pull/900#discussion_r4002640484,Inline,backend/app/services/marker_tag_backfill_service.py,AUD-01,"PR-Kontext, Einzelprüfung A11 offen",PRRT_kwDOSH3SD86iAbuL,true,offen – Fix/Regressionstest prüfen,,,"<!-- CURSOR_AUTOMATION_ID: 8040bfce-1dbd-47b2-9b9d-3569b54c343f | RUN_ID: bc-ae644f54-48d2-4382-8aeb-7ecdbdccc90d --> Custom tags are created here, *before* the cap trim below (`le",PR#900:historical-inline,historischer Inline-Kontext; in AUD-01 / A01 übertragen,https://github.com/Sturmi77/correlcore/pull/990 | https://github.com/Sturmi77/correlcore/issues/977 | https://github.com/Sturmi77/correlcore/pull/991
900,https://github.com/Sturmi77/correlcore/pull/900#pullrequestreview-5194471744,Review/Antwort,,AUD-01,"PR-Kontext, Einzelprüfung A11 offen",,unbekannt/nicht anwendbar,offen – Fix/Regressionstest prüfen,,,"<details> <summary>Stale comment</summary> <blockquote> ## Risk assessment: **Medium-High** — review required, not self-approved Assessed from the diff only (6 files, +839/−3). Aut",PR#900:review-summary,gebündelte Review-Zusammenfassung; technische Inline-Punkte separat dispositioniert,https://github.com/Sturmi77/correlcore/pull/900#pullrequestreview-5194471744 | AUD-01 -> A01 | https://github.com/Sturmi77/correlcore/issues/977 | https://github.com/Sturmi77/correlcore/pull/991
900,https://github.com/Sturmi77/correlcore/pull/900#discussion_r4002674284,Inline,backend/app/services/marker_tag_backfill_service.py,AUD-01,"PR-Kontext, Einzelprüfung A11 offen",PRRT_kwDOSH3SD86iAhJp,true,offen – Fix/Regressionstest prüfen,,,"**<sub><sub>![P1 Badge](https://img.shields.io/badge/P1-orange?style=flat)</sub></sub> Commit user batches before processing the next** In the default all-user run, every call to `",PR#900:historical-inline,historischer Inline-Kontext; in AUD-01 / A01 übertragen,https://github.com/Sturmi77/correlcore/pull/990 | https://github.com/Sturmi77/correlcore/issues/977 | https://github.com/Sturmi77/correlcore/pull/991
900,https://github.com/Sturmi77/correlcore/pull/900#discussion_r4002674290,Inline,backend/app/services/marker_tag_backfill_service.py,AUD-01,"PR-Kontext, Einzelprüfung A11 offen",PRRT_kwDOSH3SD86iAhJu,true,offen – Fix/Regressionstest prüfen,,,**<sub><sub>![P1 Badge](https://img.shields.io/badge/P1-orange?style=flat)</sub></sub> Isolate tag-conflict recovery in a savepoint** If another request creates the same custom slu,PR#900:historical-inline,historischer Inline-Kontext; in AUD-01 / A01 übertragen,https://github.com/Sturmi77/correlcore/pull/990 | https://github.com/Sturmi77/correlcore/issues/977 | https://github.com/Sturmi77/correlcore/pull/991
900,https://github.com/Sturmi77/correlcore/pull/900#discussion_r4002674295,Inline,backend/app/services/marker_tag_backfill_service.py,AUD-01,"PR-Kontext, Einzelprüfung A11 offen",PRRT_kwDOSH3SD86iAhJy,true,offen – Fix/Regressionstest prüfen,,,**<sub><sub>![P2 Badge](https://img.shields.io/badge/P2-yellow?style=flat)</sub></sub> Include reversibly disabled users in the one-off backfill** The default run permanently skips,PR#900:historical-inline,historischer Inline-Kontext; in AUD-01 / A01 übertragen,https://github.com/Sturmi77/correlcore/pull/990 | https://github.com/Sturmi77/correlcore/issues/977 | https://github.com/Sturmi77/correlcore/pull/991
900,https://github.com/Sturmi77/correlcore/pull/900#discussion_r4002674299,Inline,backend/app/services/marker_tag_backfill_service.py,AUD-01,"PR-Kontext, Einzelprüfung A11 offen",PRRT_kwDOSH3SD86iAhJ1,false,offen – Fix/Regressionstest prüfen,,,**<sub><sub>![P2 Badge](https://img.shields.io/badge/P2-yellow?style=flat)</sub></sub> Serialize the additive merge with concurrent tag edits** If a user removes or replaces an ent,PR#900:historical-inline,historischer Inline-Kontext; in AUD-01 / A01 übertragen,https://github.com/Sturmi77/correlcore/pull/990 | https://github.com/Sturmi77/correlcore/issues/977 | https://github.com/Sturmi77/correlcore/pull/991
900,https://github.com/Sturmi77/correlcore/pull/900#discussion_r4002674303,Inline,backend/app/services/marker_tag_backfill_service.py,AUD-01,"PR-Kontext, Einzelprüfung A11 offen",PRRT_kwDOSH3SD86iAhJ2,true,offen – Fix/Regressionstest prüfen,,,**<sub><sub>![P2 Badge](https://img.shields.io/badge/P2-yellow?style=flat)</sub></sub> Check entry capacity before creating custom tags** When a marker needs a new custom tag but i,PR#900:historical-inline,historischer Inline-Kontext; in AUD-01 / A01 übertragen,https://github.com/Sturmi77/correlcore/pull/990 | https://github.com/Sturmi77/correlcore/issues/977 | https://github.com/Sturmi77/correlcore/pull/991
900,https://github.com/Sturmi77/correlcore/pull/900#pullrequestreview-5194524140,Review/Antwort,,AUD-01,"PR-Kontext, Einzelprüfung A11 offen",,unbekannt/nicht anwendbar,offen – Fix/Regressionstest prüfen,,,### 💡 Codex Review Here are some automated review suggestions for this pull request. **Reviewed commit:** `e8c970365b` <details> <summary>ℹ️ About Codex in GitHub</summary> <br/>,PR#900:review-summary,gebündelte Review-Zusammenfassung; technische Inline-Punkte separat dispositioniert,https://github.com/Sturmi77/correlcore/pull/900#pullrequestreview-5194524140 | AUD-01 -> A01 | https://github.com/Sturmi77/correlcore/issues/977 | https://github.com/Sturmi77/correlcore/pull/991
900,https://github.com/Sturmi77/correlcore/pull/900#discussion_r4002836864,Inline,backend/app/services/marker_tag_backfill_service.py,AUD-01,"PR-Kontext, Einzelprüfung A11 offen",PRRT_kwDOSH3SD86iA7xX,true,offen – Fix/Regressionstest prüfen,,,<!-- CURSOR_AUTOMATION_ID: 8040bfce-1dbd-47b2-9b9d-3569b54c343f | RUN_ID: bc-0e037339-09d0-464b-999a-287abbbc4c4c --> Still open after this push: custom tags are created here *befo,PR#900:historical-inline,historischer Inline-Kontext; in AUD-01 / A01 übertragen,https://github.com/Sturmi77/correlcore/pull/990 | https://github.com/Sturmi77/correlcore/issues/977 | https://github.com/Sturmi77/correlcore/pull/991
900,https://github.com/Sturmi77/correlcore/pull/900#pullrequestreview-5194789090,Review/Antwort,,AUD-01,"PR-Kontext, Einzelprüfung A11 offen",,unbekannt/nicht anwendbar,offen – Fix/Regressionstest prüfen,,,"<details> <summary>Stale comment</summary> <blockquote> ## Risk assessment (re-eval after sync): **Medium-High** — review required, not self-approved Latest commit `638c00e` is **t",PR#900:review-summary,gebündelte Review-Zusammenfassung; technische Inline-Punkte separat dispositioniert,https://github.com/Sturmi77/correlcore/pull/900#pullrequestreview-5194789090 | AUD-01 -> A01 | https://github.com/Sturmi77/correlcore/issues/977 | https://github.com/Sturmi77/correlcore/pull/991
900,https://github.com/Sturmi77/correlcore/pull/900#discussion_r4002866628,Inline,backend/app/services/marker_tag_backfill_service.py,AUD-01,"PR-Kontext, Einzelprüfung A11 offen",PRRT_kwDOSH3SD86iAbuL,true,offen – Fix/Regressionstest prüfen,,,"Fixed in b789c8e. Custom-tag creation is now gated on remaining entry capacity: resolution (no writes) is split from creation, and a marker whose entry is already at `MAX_TAGS_PER_",PR#900:historical-inline,historischer Inline-Kontext; in AUD-01 / A01 übertragen,https://github.com/Sturmi77/correlcore/pull/990 | https://github.com/Sturmi77/correlcore/issues/977 | https://github.com/Sturmi77/correlcore/pull/991
900,https://github.com/Sturmi77/correlcore/pull/900#pullrequestreview-5194825493,Review/Antwort,,AUD-01,"PR-Kontext, Einzelprüfung A11 offen",,unbekannt/nicht anwendbar,offen – Fix/Regressionstest prüfen,,,,PR#900:review-summary,gebündelte Review-Zusammenfassung; technische Inline-Punkte separat dispositioniert,https://github.com/Sturmi77/correlcore/pull/900#pullrequestreview-5194825493 | AUD-01 -> A01 | https://github.com/Sturmi77/correlcore/issues/977 | https://github.com/Sturmi77/correlcore/pull/991
900,https://github.com/Sturmi77/correlcore/pull/900#discussion_r4002866872,Inline,backend/app/services/marker_tag_backfill_service.py,AUD-01,"PR-Kontext, Einzelprüfung A11 offen",PRRT_kwDOSH3SD86iAhJ2,true,offen – Fix/Regressionstest prüfen,,,Fixed in b789c8e (same change as the Cursor thread above): the tag is created only when the entry has a free slot. On a full entry the marker is skipped (`skipped_over_cap`) and no,PR#900:historical-inline,historischer Inline-Kontext; in AUD-01 / A01 übertragen,https://github.com/Sturmi77/correlcore/pull/990 | https://github.com/Sturmi77/correlcore/issues/977 | https://github.com/Sturmi77/correlcore/pull/991
900,https://github.com/Sturmi77/correlcore/pull/900#pullrequestreview-5194825767,Review/Antwort,,AUD-01,"PR-Kontext, Einzelprüfung A11 offen",,unbekannt/nicht anwendbar,offen – Fix/Regressionstest prüfen,,,,PR#900:review-summary,gebündelte Review-Zusammenfassung; technische Inline-Punkte separat dispositioniert,https://github.com/Sturmi77/correlcore/pull/900#pullrequestreview-5194825767 | AUD-01 -> A01 | https://github.com/Sturmi77/correlcore/issues/977 | https://github.com/Sturmi77/correlcore/pull/991
900,https://github.com/Sturmi77/correlcore/pull/900#discussion_r4002867054,Inline,backend/app/services/marker_tag_backfill_service.py,AUD-01,"PR-Kontext, Einzelprüfung A11 offen",PRRT_kwDOSH3SD86iAhJp,true,offen – Fix/Regressionstest prüfen,,,"Fixed in b789c8e. The real run now commits **per user** (`commit_per_user=True`) rather than once at the end, so no user's `sync_user_revisions` lock is held across the whole backf",PR#900:historical-inline,historischer Inline-Kontext; in AUD-01 / A01 übertragen,https://github.com/Sturmi77/correlcore/pull/990 | https://github.com/Sturmi77/correlcore/issues/977 | https://github.com/Sturmi77/correlcore/pull/991
900,https://github.com/Sturmi77/correlcore/pull/900#pullrequestreview-5194825983,Review/Antwort,,AUD-01,"PR-Kontext, Einzelprüfung A11 offen",,unbekannt/nicht anwendbar,offen – Fix/Regressionstest prüfen,,,,PR#900:review-summary,gebündelte Review-Zusammenfassung; technische Inline-Punkte separat dispositioniert,https://github.com/Sturmi77/correlcore/pull/900#pullrequestreview-5194825983 | AUD-01 -> A01 | https://github.com/Sturmi77/correlcore/issues/977 | https://github.com/Sturmi77/correlcore/pull/991
900,https://github.com/Sturmi77/correlcore/pull/900#discussion_r4002867857,Inline,backend/app/services/marker_tag_backfill_service.py,AUD-01,"PR-Kontext, Einzelprüfung A11 offen",PRRT_kwDOSH3SD86iAhJu,true,offen – Fix/Regressionstest prüfen,,,"Fixed in b789c8e. The `TagConflictError` is no longer swallowed. Because `create_custom_tag` calls `db.rollback()` on the unique violation, catching-and-continuing on the shared tr",PR#900:historical-inline,historischer Inline-Kontext; in AUD-01 / A01 übertragen,https://github.com/Sturmi77/correlcore/pull/990 | https://github.com/Sturmi77/correlcore/issues/977 | https://github.com/Sturmi77/correlcore/pull/991
900,https://github.com/Sturmi77/correlcore/pull/900#pullrequestreview-5194826795,Review/Antwort,,AUD-01,"PR-Kontext, Einzelprüfung A11 offen",,unbekannt/nicht anwendbar,offen – Fix/Regressionstest prüfen,,,,PR#900:review-summary,gebündelte Review-Zusammenfassung; technische Inline-Punkte separat dispositioniert,https://github.com/Sturmi77/correlcore/pull/900#pullrequestreview-5194826795 | AUD-01 -> A01 | https://github.com/Sturmi77/correlcore/issues/977 | https://github.com/Sturmi77/correlcore/pull/991
900,https://github.com/Sturmi77/correlcore/pull/900#discussion_r4002868076,Inline,backend/app/services/marker_tag_backfill_service.py,AUD-01,"PR-Kontext, Einzelprüfung A11 offen",PRRT_kwDOSH3SD86iAhJy,true,offen – Fix/Regressionstest prüfen,,,"Fixed in b789c8e. Enumeration no longer filters on `is_active`/`is_verified`; it selects `DISTINCT user_id FROM entry_note_markers`, so every account with retained markers is conve",PR#900:historical-inline,historischer Inline-Kontext; in AUD-01 / A01 übertragen,https://github.com/Sturmi77/correlcore/pull/990 | https://github.com/Sturmi77/correlcore/issues/977 | https://github.com/Sturmi77/correlcore/pull/991
900,https://github.com/Sturmi77/correlcore/pull/900#pullrequestreview-5194827047,Review/Antwort,,AUD-01,"PR-Kontext, Einzelprüfung A11 offen",,unbekannt/nicht anwendbar,offen – Fix/Regressionstest prüfen,,,,PR#900:review-summary,gebündelte Review-Zusammenfassung; technische Inline-Punkte separat dispositioniert,https://github.com/Sturmi77/correlcore/pull/900#pullrequestreview-5194827047 | AUD-01 -> A01 | https://github.com/Sturmi77/correlcore/issues/977 | https://github.com/Sturmi77/correlcore/pull/991
900,https://github.com/Sturmi77/correlcore/pull/900#discussion_r4002868400,Inline,backend/app/services/marker_tag_backfill_service.py,AUD-01,"PR-Kontext, Einzelprüfung A11 offen",PRRT_kwDOSH3SD86iAhJ1,false,offen – Fix/Regressionstest prüfen,,,"Acknowledged — this is a genuine but narrow race for a run-once op, so handling it by documentation rather than entry-level locking: the backfill is **additive** (it never removes",PR#900:historical-inline,historischer Inline-Kontext; in AUD-01 / A01 übertragen,https://github.com/Sturmi77/correlcore/pull/990 | https://github.com/Sturmi77/correlcore/issues/977 | https://github.com/Sturmi77/correlcore/pull/991
900,https://github.com/Sturmi77/correlcore/pull/900#pullrequestreview-5194827476,Review/Antwort,,AUD-01,"PR-Kontext, Einzelprüfung A11 offen",,unbekannt/nicht anwendbar,offen – Fix/Regressionstest prüfen,,,,PR#900:review-summary,gebündelte Review-Zusammenfassung; technische Inline-Punkte separat dispositioniert,https://github.com/Sturmi77/correlcore/pull/900#pullrequestreview-5194827476 | AUD-01 -> A01 | https://github.com/Sturmi77/correlcore/issues/977 | https://github.com/Sturmi77/correlcore/pull/991
900,https://github.com/Sturmi77/correlcore/pull/900#pullrequestreview-5194830702,Review/Antwort,,AUD-01,"PR-Kontext, Einzelprüfung A11 offen",,unbekannt/nicht anwendbar,offen – Fix/Regressionstest prüfen,,,"<details> <summary>Stale comment</summary> <blockquote> ## Risk assessment: **Medium-High** — review required, not self-approved Re-evaluated from the latest diff only (`b789c8ed`,",PR#900:review-summary,gebündelte Review-Zusammenfassung; technische Inline-Punkte separat dispositioniert,https://github.com/Sturmi77/correlcore/pull/900#pullrequestreview-5194830702 | AUD-01 -> A01 | https://github.com/Sturmi77/correlcore/issues/977 | https://github.com/Sturmi77/correlcore/pull/991
900,https://github.com/Sturmi77/correlcore/pull/900#issuecomment-5660284951,Review/Antwort,,AUD-01,"PR-Kontext, Einzelprüfung A11 offen",,unbekannt/nicht anwendbar,offen – Fix/Regressionstest prüfen,,,"Follow-up to the latest review — the two concrete residuals are addressed in `8916ab3`: - **`--user-id` help text** now reads ""all users with retained markers"" (matched to the `ent",PR#900:review-summary,gebündelte Review-Zusammenfassung; technische Inline-Punkte separat dispositioniert,https://github.com/Sturmi77/correlcore/pull/900#issuecomment-5660284951 | AUD-01 -> A01 | https://github.com/Sturmi77/correlcore/issues/977 | https://github.com/Sturmi77/correlcore/pull/991
900,https://github.com/Sturmi77/correlcore/pull/900#pullrequestreview-5194854888,Review/Antwort,,AUD-01,"PR-Kontext, Einzelprüfung A11 offen",,unbekannt/nicht anwendbar,offen – Fix/Regressionstest prüfen,,,"<details> <summary>Stale comment</summary> <blockquote> ## Risk assessment: **Medium-High** — review required, not self-approved Re-evaluated from the latest diff only (`8916ab34`,",PR#900:review-summary,gebündelte Review-Zusammenfassung; technische Inline-Punkte separat dispositioniert,https://github.com/Sturmi77/correlcore/pull/900#pullrequestreview-5194854888 | AUD-01 -> A01 | https://github.com/Sturmi77/correlcore/issues/977 | https://github.com/Sturmi77/correlcore/pull/991
900,https://github.com/Sturmi77/correlcore/pull/900#pullrequestreview-5194873185,Review/Antwort,,AUD-01,"PR-Kontext, Einzelprüfung A11 offen",,unbekannt/nicht anwendbar,offen – Fix/Regressionstest prüfen,,,"<details> <summary>Stale comment</summary> <blockquote> ## Risk assessment: **Medium-High** — review required, not self-approved Re-evaluated from the latest diff only (`ce498f93`,",PR#900:review-summary,gebündelte Review-Zusammenfassung; technische Inline-Punkte separat dispositioniert,https://github.com/Sturmi77/correlcore/pull/900#pullrequestreview-5194873185 | AUD-01 -> A01 | https://github.com/Sturmi77/correlcore/issues/977 | https://github.com/Sturmi77/correlcore/pull/991
900,https://github.com/Sturmi77/correlcore/pull/900#pullrequestreview-5196974070,Review/Antwort,,AUD-01,"PR-Kontext, Einzelprüfung A11 offen",,unbekannt/nicht anwendbar,offen – Fix/Regressionstest prüfen,,,"<!-- CURSOR_AUTOMATION_ID: 8040bfce-1dbd-47b2-9b9d-3569b54c343f | RUN_ID: bc-58933e79-1338-447c-b4ef-789168a5f275 --> ## Risk assessment: **Medium-High** — review required, not sel",PR#900:review-summary,gebündelte Review-Zusammenfassung; technische Inline-Punkte separat dispositioniert,https://github.com/Sturmi77/correlcore/pull/900#pullrequestreview-5196974070 | AUD-01 -> A01 | https://github.com/Sturmi77/correlcore/issues/977 | https://github.com/Sturmi77/correlcore/pull/991
899,https://github.com/Sturmi77/correlcore/pull/899#discussion_r4000491342,Inline,backend/migrations/versions/048_migrate_note_markers_to_tags.py,AUD-01,"PR-Kontext, Einzelprüfung A11 offen",PRRT_kwDOSH3SD86h6_7Q,true,offen – Fix/Regressionstest prüfen,,,<!-- CURSOR_AUTOMATION_ID: 8040bfce-1dbd-47b2-9b9d-3569b54c343f | RUN_ID: bc-4f00f276-6730-4433-b780-029bb3f4ec25 --> Collision / remap: if a custom marker slugifies to an existing,PR#899:historical-inline,historischer Inline-Kontext; in AUD-01 / A01 übertragen,https://github.com/Sturmi77/correlcore/pull/990 | https://github.com/Sturmi77/correlcore/issues/977 | https://github.com/Sturmi77/correlcore/pull/991
899,https://github.com/Sturmi77/correlcore/pull/899#discussion_r4000491344,Inline,backend/migrations/versions/048_migrate_note_markers_to_tags.py,AUD-01,"PR-Kontext, Einzelprüfung A11 offen",PRRT_kwDOSH3SD86h6_7S,false,offen – Fix/Regressionstest prüfen,,,<!-- CURSOR_AUTOMATION_ID: 8040bfce-1dbd-47b2-9b9d-3569b54c343f | RUN_ID: bc-4f00f276-6730-4433-b780-029bb3f4ec25 --> High-risk rollback gap: `downgrade()` is a no-op after writing,PR#899:historical-inline,historischer Inline-Kontext; in AUD-01 / A01 übertragen,https://github.com/Sturmi77/correlcore/pull/990 | https://github.com/Sturmi77/correlcore/issues/977 | https://github.com/Sturmi77/correlcore/pull/991
899,https://github.com/Sturmi77/correlcore/pull/899#pullrequestreview-5191764356,Review/Antwort,,AUD-01,"PR-Kontext, Einzelprüfung A11 offen",,unbekannt/nicht anwendbar,offen – Fix/Regressionstest prüfen,,,"<details> <summary>Stale comment</summary> <blockquote> ## Risk assessment: **High** — review required, not self-approved Assessed from the diff only (2 files: Alembic `048` + slug",PR#899:review-summary,gebündelte Review-Zusammenfassung; technische Inline-Punkte separat dispositioniert,https://github.com/Sturmi77/correlcore/pull/899#pullrequestreview-5191764356 | AUD-01 -> A01 | https://github.com/Sturmi77/correlcore/issues/977 | https://github.com/Sturmi77/correlcore/pull/991
899,https://github.com/Sturmi77/correlcore/pull/899#discussion_r4000498309,Inline,backend/migrations/versions/048_migrate_note_markers_to_tags.py,AUD-01,"PR-Kontext, Einzelprüfung A11 offen",PRRT_kwDOSH3SD86h6_7Q,true,offen – Fix/Regressionstest prüfen,,,"Fixed in db9ddb6. Custom markers are no longer attached to a curated default: the migration now reuses only the **user's own** tag with the derived slug, else creates a custom tag;",PR#899:historical-inline,historischer Inline-Kontext; in AUD-01 / A01 übertragen,https://github.com/Sturmi77/correlcore/pull/990 | https://github.com/Sturmi77/correlcore/issues/977 | https://github.com/Sturmi77/correlcore/pull/991
899,https://github.com/Sturmi77/correlcore/pull/899#pullrequestreview-5191770352,Review/Antwort,,AUD-01,"PR-Kontext, Einzelprüfung A11 offen",,unbekannt/nicht anwendbar,offen – Fix/Regressionstest prüfen,,,,PR#899:review-summary,gebündelte Review-Zusammenfassung; technische Inline-Punkte separat dispositioniert,https://github.com/Sturmi77/correlcore/pull/899#pullrequestreview-5191770352 | AUD-01 -> A01 | https://github.com/Sturmi77/correlcore/issues/977 | https://github.com/Sturmi77/correlcore/pull/991
899,https://github.com/Sturmi77/correlcore/pull/899#discussion_r4000498447,Inline,backend/migrations/versions/048_migrate_note_markers_to_tags.py,AUD-01,"PR-Kontext, Einzelprüfung A11 offen",PRRT_kwDOSH3SD86h6_7S,false,offen – Fix/Regressionstest prüfen,,,"Agreed — the no-op `downgrade()` is deliberate (inserted links/tags are indistinguishable from user-created ones, so reversing would risk deleting legitimate data; the source `entr",PR#899:historical-inline,historischer Inline-Kontext; in AUD-01 / A01 übertragen,https://github.com/Sturmi77/correlcore/pull/990 | https://github.com/Sturmi77/correlcore/issues/977 | https://github.com/Sturmi77/correlcore/pull/991
899,https://github.com/Sturmi77/correlcore/pull/899#pullrequestreview-5191770485,Review/Antwort,,AUD-01,"PR-Kontext, Einzelprüfung A11 offen",,unbekannt/nicht anwendbar,offen – Fix/Regressionstest prüfen,,,,PR#899:review-summary,gebündelte Review-Zusammenfassung; technische Inline-Punkte separat dispositioniert,https://github.com/Sturmi77/correlcore/pull/899#pullrequestreview-5191770485 | AUD-01 -> A01 | https://github.com/Sturmi77/correlcore/issues/977 | https://github.com/Sturmi77/correlcore/pull/991
899,https://github.com/Sturmi77/correlcore/pull/899#discussion_r4000500708,Inline,backend/migrations/versions/048_migrate_note_markers_to_tags.py,AUD-01,"PR-Kontext, Einzelprüfung A11 offen",PRRT_kwDOSH3SD86h7BhP,false,offen – Fix/Regressionstest prüfen,,,<!-- CURSOR_AUTOMATION_ID: 8040bfce-1dbd-47b2-9b9d-3569b54c343f | RUN_ID: bc-98592c2b-b21f-4b46-9152-21ac0c2c1b5b --> Still High-risk rollback: `downgrade()` is a no-op after writi,PR#899:historical-inline,historischer Inline-Kontext; in AUD-01 / A01 übertragen,https://github.com/Sturmi77/correlcore/pull/990 | https://github.com/Sturmi77/correlcore/issues/977 | https://github.com/Sturmi77/correlcore/pull/991
899,https://github.com/Sturmi77/correlcore/pull/899#discussion_r4000500711,Inline,backend/tests/test_migration_048_marker_slug.py,AUD-01,"PR-Kontext, Einzelprüfung A11 offen",PRRT_kwDOSH3SD86h7BhR,false,offen – Fix/Regressionstest prüfen,,,<!-- CURSOR_AUTOMATION_ID: 8040bfce-1dbd-47b2-9b9d-3569b54c343f | RUN_ID: bc-98592c2b-b21f-4b46-9152-21ac0c2c1b5b --> These tests still only pin slug derivation and the Python mapp,PR#899:historical-inline,historischer Inline-Kontext; in AUD-01 / A01 übertragen,https://github.com/Sturmi77/correlcore/pull/990 | https://github.com/Sturmi77/correlcore/issues/977 | https://github.com/Sturmi77/correlcore/pull/991
899,https://github.com/Sturmi77/correlcore/pull/899#pullrequestreview-5191772441,Review/Antwort,,AUD-01,"PR-Kontext, Einzelprüfung A11 offen",,unbekannt/nicht anwendbar,offen – Fix/Regressionstest prüfen,,,<!-- CURSOR_AUTOMATION_ID: 8040bfce-1dbd-47b2-9b9d-3569b54c343f | RUN_ID: bc-98592c2b-b21f-4b46-9152-21ac0c2c1b5b --> ## Re-assessment after `db9ddb6`: **High** — still not self-ap,PR#899:review-summary,gebündelte Review-Zusammenfassung; technische Inline-Punkte separat dispositioniert,https://github.com/Sturmi77/correlcore/pull/899#pullrequestreview-5191772441 | AUD-01 -> A01 | https://github.com/Sturmi77/correlcore/issues/977 | https://github.com/Sturmi77/correlcore/pull/991
899,https://github.com/Sturmi77/correlcore/pull/899#discussion_r4000504337,Inline,backend/tests/test_migration_048_marker_slug.py,AUD-01,"PR-Kontext, Einzelprüfung A11 offen",PRRT_kwDOSH3SD86h7BhR,false,offen – Fix/Regressionstest prüfen,,,"Fair point on coverage. Deliberately not adding a DB-fixture test in this PR: I can't run a Postgres-backed migration test in this environment to validate it, and pushing an unveri",PR#899:historical-inline,historischer Inline-Kontext; in AUD-01 / A01 übertragen,https://github.com/Sturmi77/correlcore/pull/990 | https://github.com/Sturmi77/correlcore/issues/977 | https://github.com/Sturmi77/correlcore/pull/991
899,https://github.com/Sturmi77/correlcore/pull/899#pullrequestreview-5191775804,Review/Antwort,,AUD-01,"PR-Kontext, Einzelprüfung A11 offen",,unbekannt/nicht anwendbar,offen – Fix/Regressionstest prüfen,,,,PR#899:review-summary,gebündelte Review-Zusammenfassung; technische Inline-Punkte separat dispositioniert,https://github.com/Sturmi77/correlcore/pull/899#pullrequestreview-5191775804 | AUD-01 -> A01 | https://github.com/Sturmi77/correlcore/issues/977 | https://github.com/Sturmi77/correlcore/pull/991
899,https://github.com/Sturmi77/correlcore/pull/899#discussion_r4000510992,Inline,backend/migrations/versions/048_migrate_note_markers_to_tags.py,AUD-01,"PR-Kontext, Einzelprüfung A11 offen",PRRT_kwDOSH3SD86h7DQm,false,offen – Fix/Regressionstest prüfen,,,**<sub><sub>![P1 Badge](https://img.shields.io/badge/P1-orange?style=flat)</sub></sub> Emit sync revisions for backfilled tags** For users whose offline client already has a sync c,PR#899:historical-inline,historischer Inline-Kontext; in AUD-01 / A01 übertragen,https://github.com/Sturmi77/correlcore/pull/990 | https://github.com/Sturmi77/correlcore/issues/977 | https://github.com/Sturmi77/correlcore/pull/991
899,https://github.com/Sturmi77/correlcore/pull/899#discussion_r4000510995,Inline,backend/migrations/versions/048_migrate_note_markers_to_tags.py,AUD-01,"PR-Kontext, Einzelprüfung A11 offen",PRRT_kwDOSH3SD86h7DQo,false,offen – Fix/Regressionstest prüfen,,,**<sub><sub>![P1 Badge](https://img.shields.io/badge/P1-orange?style=flat)</sub></sub> Close completed issue #895 on merge** This changeset describes #895 as fully implemented and,PR#899:historical-inline,historischer Inline-Kontext; in AUD-01 / A01 übertragen,https://github.com/Sturmi77/correlcore/pull/990 | https://github.com/Sturmi77/correlcore/issues/977 | https://github.com/Sturmi77/correlcore/pull/991
899,https://github.com/Sturmi77/correlcore/pull/899#discussion_r4000510999,Inline,backend/migrations/versions/048_migrate_note_markers_to_tags.py,AUD-01,"PR-Kontext, Einzelprüfung A11 offen",PRRT_kwDOSH3SD86h7DQs,false,offen – Fix/Regressionstest prüfen,,,**<sub><sub>![P2 Badge](https://img.shields.io/badge/P2-yellow?style=flat)</sub></sub> Prefer each user's copy-on-write tag** When a user already has a copy-on-write override for `,PR#899:historical-inline,historischer Inline-Kontext; in AUD-01 / A01 übertragen,https://github.com/Sturmi77/correlcore/pull/990 | https://github.com/Sturmi77/correlcore/issues/977 | https://github.com/Sturmi77/correlcore/pull/991
899,https://github.com/Sturmi77/correlcore/pull/899#discussion_r4000511003,Inline,backend/migrations/versions/048_migrate_note_markers_to_tags.py,AUD-01,"PR-Kontext, Einzelprüfung A11 offen",PRRT_kwDOSH3SD86h7DQu,false,offen – Fix/Regressionstest prüfen,,,"**<sub><sub>![P1 Badge](https://img.shields.io/badge/P1-orange?style=flat)</sub></sub> Exclude Hidden notes from the backfill** When an entry has `note_visibility = 'hidden'`, its",PR#899:historical-inline,historischer Inline-Kontext; in AUD-01 / A01 übertragen,https://github.com/Sturmi77/correlcore/pull/990 | https://github.com/Sturmi77/correlcore/issues/977 | https://github.com/Sturmi77/correlcore/pull/991
899,https://github.com/Sturmi77/correlcore/pull/899#discussion_r4000511006,Inline,backend/migrations/versions/048_migrate_note_markers_to_tags.py,AUD-01,"PR-Kontext, Einzelprüfung A11 offen",PRRT_kwDOSH3SD86h7DQx,false,offen – Fix/Regressionstest prüfen,,,**<sub><sub>![P2 Badge](https://img.shields.io/badge/P2-yellow?style=flat)</sub></sub> Disambiguate colliding derived marker slugs** When one user has distinct markers that normali,PR#899:historical-inline,historischer Inline-Kontext; in AUD-01 / A01 übertragen,https://github.com/Sturmi77/correlcore/pull/990 | https://github.com/Sturmi77/correlcore/issues/977 | https://github.com/Sturmi77/correlcore/pull/991
899,https://github.com/Sturmi77/correlcore/pull/899#discussion_r4000511007,Inline,backend/migrations/versions/048_migrate_note_markers_to_tags.py,AUD-01,"PR-Kontext, Einzelprüfung A11 offen",PRRT_kwDOSH3SD86h7DQy,false,offen – Fix/Regressionstest prüfen,,,**<sub><sub>![P2 Badge](https://img.shields.io/badge/P2-yellow?style=flat)</sub></sub> Keep migrated entries within the tag-assignment limit** When an entry already has the valid m,PR#899:historical-inline,historischer Inline-Kontext; in AUD-01 / A01 übertragen,https://github.com/Sturmi77/correlcore/pull/990 | https://github.com/Sturmi77/correlcore/issues/977 | https://github.com/Sturmi77/correlcore/pull/991
899,https://github.com/Sturmi77/correlcore/pull/899#discussion_r4000511008,Inline,backend/migrations/versions/048_migrate_note_markers_to_tags.py,AUD-01,"PR-Kontext, Einzelprüfung A11 offen",PRRT_kwDOSH3SD86h7DQz,false,offen – Fix/Regressionstest prüfen,,,**<sub><sub>![P2 Badge](https://img.shields.io/badge/P2-yellow?style=flat)</sub></sub> Redact custom marker values from migration logs** When a custom marker cannot be converted—su,PR#899:historical-inline,historischer Inline-Kontext; in AUD-01 / A01 übertragen,https://github.com/Sturmi77/correlcore/pull/990 | https://github.com/Sturmi77/correlcore/issues/977 | https://github.com/Sturmi77/correlcore/pull/991
899,https://github.com/Sturmi77/correlcore/pull/899#pullrequestreview-5191782121,Review/Antwort,,AUD-01,"PR-Kontext, Einzelprüfung A11 offen",,unbekannt/nicht anwendbar,offen – Fix/Regressionstest prüfen,,,### 💡 Codex Review Here are some automated review suggestions for this pull request. **Reviewed commit:** `9db8a014d7` <details> <summary>ℹ️ About Codex in GitHub</summary> <br/>,PR#899:review-summary,gebündelte Review-Zusammenfassung; technische Inline-Punkte separat dispositioniert,https://github.com/Sturmi77/correlcore/pull/899#pullrequestreview-5191782121 | AUD-01 -> A01 | https://github.com/Sturmi77/correlcore/issues/977 | https://github.com/Sturmi77/correlcore/pull/991
899,https://github.com/Sturmi77/correlcore/pull/899#issuecomment-5655307215,Review/Antwort,,AUD-01,"PR-Kontext, Einzelprüfung A11 offen",,unbekannt/nicht anwendbar,offen – Fix/Regressionstest prüfen,,,"## Consolidated response to the Codex review — blocker + proposed rework Thanks Codex — verified all seven; they're valid. Two are P1 correctness/privacy bugs, and four share one r",PR#899:review-summary,gebündelte Review-Zusammenfassung; technische Inline-Punkte separat dispositioniert,https://github.com/Sturmi77/correlcore/pull/899#issuecomment-5655307215 | AUD-01 -> A01 | https://github.com/Sturmi77/correlcore/issues/977 | https://github.com/Sturmi77/correlcore/pull/991
899,https://github.com/Sturmi77/correlcore/pull/899#issuecomment-5663103762,Review/Antwort,,AUD-01,"PR-Kontext, Einzelprüfung A11 offen",,unbekannt/nicht anwendbar,offen – Fix/Regressionstest prüfen,,,"Closing in favour of **#900**, which replaces this raw-SQL migration with a service-layer backfill (`app/services/marker_tag_backfill_service.py` + `scripts/backfill_marker_tags.py",PR#899:review-summary,gebündelte Review-Zusammenfassung; technische Inline-Punkte separat dispositioniert,https://github.com/Sturmi77/correlcore/pull/899#issuecomment-5663103762 | AUD-01 -> A01 | https://github.com/Sturmi77/correlcore/issues/977 | https://github.com/Sturmi77/correlcore/pull/991
894,https://github.com/Sturmi77/correlcore/pull/894#pullrequestreview-5191607857,Review/Antwort,,AUD-36,"PR-Kontext, Einzelprüfung A11 offen",,unbekannt/nicht anwendbar,offen – Fix/Regressionstest prüfen,,,,PR#894:review-summary,gebündelte Review-Zusammenfassung; technische Inline-Punkte separat dispositioniert,https://github.com/Sturmi77/correlcore/pull/894#pullrequestreview-5191607857 | AUD-36 -> A11 | https://github.com/Sturmi77/correlcore/issues/985
894,https://github.com/Sturmi77/correlcore/pull/894#discussion_r4000360649,Inline,docs/features/notes-in-analysis.md,AUD-36,"PR-Kontext, Einzelprüfung A11 offen",PRRT_kwDOSH3SD86h6qRc,true,offen – Fix/Regressionstest prüfen,,,**<sub><sub>![P2 Badge](https://img.shields.io/badge/P2-yellow?style=flat)</sub></sub> Retire the remaining mobile chip-row criterion** Once this section declares the composer chip,PR#894:historical-inline,historischer Inline-Kontext; in AUD-36 / A11 übertragen,https://github.com/Sturmi77/correlcore/pull/990 | https://github.com/Sturmi77/correlcore/issues/985
894,https://github.com/Sturmi77/correlcore/pull/894#discussion_r4000360655,Inline,docs/features/notes-in-analysis.md,AUD-36,"PR-Kontext, Einzelprüfung A11 offen",PRRT_kwDOSH3SD86h6qRg,true,offen – Fix/Regressionstest prüfen,,,**<sub><sub>![P2 Badge](https://img.shields.io/badge/P2-yellow?style=flat)</sub></sub> Describe achievement as seeded rather than migrated** Calling `achievement` “migrated” implie,PR#894:historical-inline,historischer Inline-Kontext; in AUD-36 / A11 übertragen,https://github.com/Sturmi77/correlcore/pull/990 | https://github.com/Sturmi77/correlcore/issues/985
894,https://github.com/Sturmi77/correlcore/pull/894#discussion_r4000360658,Inline,CHANGELOG.md,AUD-36,"PR-Kontext, Einzelprüfung A11 offen",PRRT_kwDOSH3SD86h6qRi,true,offen – Fix/Regressionstest prüfen,,,**<sub><sub>![P2 Badge](https://img.shields.io/badge/P2-yellow?style=flat)</sub></sub> Preserve the non-tag context paths in the changelog** Context is not now captured exclusively,PR#894:historical-inline,historischer Inline-Kontext; in AUD-36 / A11 übertragen,https://github.com/Sturmi77/correlcore/pull/990 | https://github.com/Sturmi77/correlcore/issues/985
894,https://github.com/Sturmi77/correlcore/pull/894#pullrequestreview-5191628321,Review/Antwort,,AUD-36,"PR-Kontext, Einzelprüfung A11 offen",,unbekannt/nicht anwendbar,offen – Fix/Regressionstest prüfen,,,### 💡 Codex Review Here are some automated review suggestions for this pull request. **Reviewed commit:** `8793105195` <details> <summary>ℹ️ About Codex in GitHub</summary> <br/>,PR#894:review-summary,gebündelte Review-Zusammenfassung; technische Inline-Punkte separat dispositioniert,https://github.com/Sturmi77/correlcore/pull/894#pullrequestreview-5191628321 | AUD-36 -> A11 | https://github.com/Sturmi77/correlcore/issues/985
894,https://github.com/Sturmi77/correlcore/pull/894#discussion_r4000364354,Inline,docs/features/notes-in-analysis.md,AUD-36,"PR-Kontext, Einzelprüfung A11 offen",PRRT_kwDOSH3SD86h6qRg,true,offen – Fix/Regressionstest prüfen,,,Fixed in c08212e: `achievement` is now described as **newly seeded** by migration 047 (catalogue entry only; historical `entry_note_markers` are not converted until the data migrat,PR#894:historical-inline,historischer Inline-Kontext; in AUD-36 / A11 übertragen,https://github.com/Sturmi77/correlcore/pull/990 | https://github.com/Sturmi77/correlcore/issues/985
894,https://github.com/Sturmi77/correlcore/pull/894#pullrequestreview-5191635386,Review/Antwort,,AUD-36,"PR-Kontext, Einzelprüfung A11 offen",,unbekannt/nicht anwendbar,offen – Fix/Regressionstest prüfen,,,,PR#894:review-summary,gebündelte Review-Zusammenfassung; technische Inline-Punkte separat dispositioniert,https://github.com/Sturmi77/correlcore/pull/894#pullrequestreview-5191635386 | AUD-36 -> A11 | https://github.com/Sturmi77/correlcore/issues/985
894,https://github.com/Sturmi77/correlcore/pull/894#discussion_r4000364442,Inline,CHANGELOG.md,AUD-36,"PR-Kontext, Einzelprüfung A11 offen",PRRT_kwDOSH3SD86h6qRi,true,offen – Fix/Regressionstest prüfen,,,"Fixed in c08212e: the CHANGELOG entry now scopes the change to free context **labels** via Tags and explicitly states the dedicated fields (`work_context`, mood/energy/stress, slee",PR#894:historical-inline,historischer Inline-Kontext; in AUD-36 / A11 übertragen,https://github.com/Sturmi77/correlcore/pull/990 | https://github.com/Sturmi77/correlcore/issues/985
894,https://github.com/Sturmi77/correlcore/pull/894#pullrequestreview-5191635771,Review/Antwort,,AUD-36,"PR-Kontext, Einzelprüfung A11 offen",,unbekannt/nicht anwendbar,offen – Fix/Regressionstest prüfen,,,,PR#894:review-summary,gebündelte Review-Zusammenfassung; technische Inline-Punkte separat dispositioniert,https://github.com/Sturmi77/correlcore/pull/894#pullrequestreview-5191635771 | AUD-36 -> A11 | https://github.com/Sturmi77/correlcore/issues/985
894,https://github.com/Sturmi77/correlcore/pull/894#discussion_r4000364522,Inline,docs/features/notes-in-analysis.md,AUD-36,"PR-Kontext, Einzelprüfung A11 offen",PRRT_kwDOSH3SD86h6qRc,true,offen – Fix/Regressionstest prüfen,,,"Fixed in c08212e: the M4 mobile chip-row acceptance criterion is now marked as superseded by #890/#893 (the composer chip row no longer exists), removing the internal contradiction",PR#894:historical-inline,historischer Inline-Kontext; in AUD-36 / A11 übertragen,https://github.com/Sturmi77/correlcore/pull/990 | https://github.com/Sturmi77/correlcore/issues/985
894,https://github.com/Sturmi77/correlcore/pull/894#pullrequestreview-5191635876,Review/Antwort,,AUD-36,"PR-Kontext, Einzelprüfung A11 offen",,unbekannt/nicht anwendbar,offen – Fix/Regressionstest prüfen,,,,PR#894:review-summary,gebündelte Review-Zusammenfassung; technische Inline-Punkte separat dispositioniert,https://github.com/Sturmi77/correlcore/pull/894#pullrequestreview-5191635876 | AUD-36 -> A11 | https://github.com/Sturmi77/correlcore/issues/985
894,https://github.com/Sturmi77/correlcore/pull/894#pullrequestreview-5191638572,Review/Antwort,,AUD-36,"PR-Kontext, Einzelprüfung A11 offen",,unbekannt/nicht anwendbar,offen – Fix/Regressionstest prüfen,,,<!-- CURSOR_AUTOMATION_ID: 8040bfce-1dbd-47b2-9b9d-3569b54c343f | RUN_ID: bc-c4f65b8b-a1b4-4431-a294-d2026572ce8c --> ## Risk assessment: Very Low (re-evaluated) **Review required:,PR#894:review-summary,gebündelte Review-Zusammenfassung; technische Inline-Punkte separat dispositioniert,https://github.com/Sturmi77/correlcore/pull/894#pullrequestreview-5191638572 | AUD-36 -> A11 | https://github.com/Sturmi77/correlcore/issues/985
893,https://github.com/Sturmi77/correlcore/pull/893#pullrequestreview-5191357256,Review/Antwort,,AUD-33,"PR-Kontext, Einzelprüfung A11 offen",,unbekannt/nicht anwendbar,offen – Fix/Regressionstest prüfen,,,,PR#893:review-summary,gebündelte Review-Zusammenfassung; technische Inline-Punkte separat dispositioniert,https://github.com/Sturmi77/correlcore/pull/893#pullrequestreview-5191357256 | AUD-33 -> A04 | https://github.com/Sturmi77/correlcore/issues/979 | https://github.com/Sturmi77/correlcore/pull/993
893,https://github.com/Sturmi77/correlcore/pull/893#discussion_r4000161181,Inline,backend/app/data/tag_catalog.py,AUD-33,"PR-Kontext, Einzelprüfung A11 offen",PRRT_kwDOSH3SD86h6JmG,true,offen – Fix/Regressionstest prüfen,,,"**<sub><sub>![P2 Badge](https://img.shields.io/badge/P2-yellow?style=flat)</sub></sub> Add localized labels for the achievement tag** When the locale is English, `TagPicker` looks",PR#893:historical-inline,historischer Inline-Kontext; in AUD-33 / A04 übertragen,https://github.com/Sturmi77/correlcore/pull/990 | https://github.com/Sturmi77/correlcore/issues/979 | https://github.com/Sturmi77/correlcore/pull/993
893,https://github.com/Sturmi77/correlcore/pull/893#pullrequestreview-5191361586,Review/Antwort,,AUD-33,"PR-Kontext, Einzelprüfung A11 offen",,unbekannt/nicht anwendbar,offen – Fix/Regressionstest prüfen,,,### 💡 Codex Review Here are some automated review suggestions for this pull request. **Reviewed commit:** `cb3dc1e62f` <details> <summary>ℹ️ About Codex in GitHub</summary> <br/>,PR#893:review-summary,gebündelte Review-Zusammenfassung; technische Inline-Punkte separat dispositioniert,https://github.com/Sturmi77/correlcore/pull/893#pullrequestreview-5191361586 | AUD-33 -> A04 | https://github.com/Sturmi77/correlcore/issues/979 | https://github.com/Sturmi77/correlcore/pull/993
893,https://github.com/Sturmi77/correlcore/pull/893#discussion_r4000166432,Inline,backend/app/data/tag_catalog.py,AUD-33,"PR-Kontext, Einzelprüfung A11 offen",PRRT_kwDOSH3SD86h6JmG,true,offen – Fix/Regressionstest prüfen,,,"Guter Fund, bestätigt: `localizedCatalogName.ts` löst Default-Tags über `tag.default.<slug>` auf, und der Key fehlte — Englisch wäre auf den DB-Namen „Erfolg"" zurückgefallen. Behob",PR#893:historical-inline,historischer Inline-Kontext; in AUD-33 / A04 übertragen,https://github.com/Sturmi77/correlcore/pull/990 | https://github.com/Sturmi77/correlcore/issues/979 | https://github.com/Sturmi77/correlcore/pull/993
893,https://github.com/Sturmi77/correlcore/pull/893#pullrequestreview-5191366197,Review/Antwort,,AUD-33,"PR-Kontext, Einzelprüfung A11 offen",,unbekannt/nicht anwendbar,offen – Fix/Regressionstest prüfen,,,,PR#893:review-summary,gebündelte Review-Zusammenfassung; technische Inline-Punkte separat dispositioniert,https://github.com/Sturmi77/correlcore/pull/893#pullrequestreview-5191366197 | AUD-33 -> A04 | https://github.com/Sturmi77/correlcore/issues/979 | https://github.com/Sturmi77/correlcore/pull/993
893,https://github.com/Sturmi77/correlcore/pull/893#pullrequestreview-5191367170,Review/Antwort,,AUD-33,"PR-Kontext, Einzelprüfung A11 offen",,unbekannt/nicht anwendbar,offen – Fix/Regressionstest prüfen,,,<!-- CURSOR_AUTOMATION_ID: 8040bfce-1dbd-47b2-9b9d-3569b54c343f | RUN_ID: bc-e45e2199-4474-461c-b8b5-cca34d93c2ff --> ## Risk reassessment (after synchronize) **Risk level:** Low (,PR#893:review-summary,gebündelte Review-Zusammenfassung; technische Inline-Punkte separat dispositioniert,https://github.com/Sturmi77/correlcore/pull/893#pullrequestreview-5191367170 | AUD-33 -> A04 | https://github.com/Sturmi77/correlcore/issues/979 | https://github.com/Sturmi77/correlcore/pull/993
889,https://github.com/Sturmi77/correlcore/pull/889#pullrequestreview-5186170364,Review/Antwort,,AUD-12,"PR-Kontext, Einzelprüfung A11 offen",,unbekannt/nicht anwendbar,offen – Fix/Regressionstest prüfen,,,<!-- CURSOR_AUTOMATION_ID: 8040bfce-1dbd-47b2-9b9d-3569b54c343f | RUN_ID: bc-0b0e83f8-7dd3-4e61-bb2f-1a5526256ad8 --> ## Risk assessment: Low **Review required:** No **Reviewers as,PR#889:review-summary,gebündelte Review-Zusammenfassung; technische Inline-Punkte separat dispositioniert,https://github.com/Sturmi77/correlcore/pull/889#pullrequestreview-5186170364 | AUD-12 -> A06 | https://github.com/Sturmi77/correlcore/issues/980 | https://github.com/Sturmi77/correlcore/pull/994
888,https://github.com/Sturmi77/correlcore/pull/888#discussion_r3995488293,Inline,apps/web/src/lib/components/entries/EntryForm.svelte,AUD-33,"PR-Kontext, Einzelprüfung A11 offen",PRRT_kwDOSH3SD86huKyA,false,offen – Fix/Regressionstest prüfen,,,<!-- CURSOR_AUTOMATION_ID: 8040bfce-1dbd-47b2-9b9d-3569b54c343f | RUN_ID: bc-e09176ca-9779-498f-a6a9-642135e44fde --> Hydrate path: a stored `null` becomes `NEUTRAL_SCALE_DEFAULT`,PR#888:historical-inline,historischer Inline-Kontext; in AUD-33 / A04 übertragen,https://github.com/Sturmi77/correlcore/pull/990 | https://github.com/Sturmi77/correlcore/issues/979 | https://github.com/Sturmi77/correlcore/pull/993
888,https://github.com/Sturmi77/correlcore/pull/888#pullrequestreview-5185703227,Review/Antwort,,AUD-33,"PR-Kontext, Einzelprüfung A11 offen",,unbekannt/nicht anwendbar,offen – Fix/Regressionstest prüfen,,,<!-- CURSOR_AUTOMATION_ID: 8040bfce-1dbd-47b2-9b9d-3569b54c343f | RUN_ID: bc-e09176ca-9779-498f-a6a9-642135e44fde --> ## Risk assessment: **Medium** Derived from the diff only (5 f,PR#888:review-summary,gebündelte Review-Zusammenfassung; technische Inline-Punkte separat dispositioniert,https://github.com/Sturmi77/correlcore/pull/888#pullrequestreview-5185703227 | AUD-33 -> A04 | https://github.com/Sturmi77/correlcore/issues/979 | https://github.com/Sturmi77/correlcore/pull/993
888,https://github.com/Sturmi77/correlcore/pull/888#discussion_r3995493549,Inline,apps/web/src/lib/components/entries/EntryForm.svelte,AUD-33,"PR-Kontext, Einzelprüfung A11 offen",PRRT_kwDOSH3SD86huLrL,false,offen – Fix/Regressionstest prüfen,,,**<sub><sub>![P2 Badge](https://img.shields.io/badge/P2-yellow?style=flat)</sub></sub> Apply the sleep default to retrospective entries** When a new user records historical moods d,PR#888:historical-inline,historischer Inline-Kontext; in AUD-33 / A04 übertragen,https://github.com/Sturmi77/correlcore/pull/990 | https://github.com/Sturmi77/correlcore/issues/979 | https://github.com/Sturmi77/correlcore/pull/993
888,https://github.com/Sturmi77/correlcore/pull/888#pullrequestreview-5185708230,Review/Antwort,,AUD-33,"PR-Kontext, Einzelprüfung A11 offen",,unbekannt/nicht anwendbar,offen – Fix/Regressionstest prüfen,,,### 💡 Codex Review Here are some automated review suggestions for this pull request. **Reviewed commit:** `4dbd8b3823` <details> <summary>ℹ️ About Codex in GitHub</summary> <br/>,PR#888:review-summary,gebündelte Review-Zusammenfassung; technische Inline-Punkte separat dispositioniert,https://github.com/Sturmi77/correlcore/pull/888#pullrequestreview-5185708230 | AUD-33 -> A04 | https://github.com/Sturmi77/correlcore/issues/979 | https://github.com/Sturmi77/correlcore/pull/993
